model,series,h,n,mspe_ratio,rmae,dm_p
ar5_returns,wti_fut,1,106,1.7664,1.4764,1.0
lear_lite,wti_fut,1,106,1.5928,1.27,0.98
garch_t,wti_fut,1,106,1.0,0.996,0.499
qr_ar,wti_fut,1,106,0.9988,1.0106,0.475
chronos_bolt_small,wti_fut,1,106,1.1714,1.0819,0.967
chronos_bolt_base,wti_fut,1,106,1.1918,1.0678,0.996
chronos_2,wti_fut,1,106,1.2153,1.0661,0.871
chronos_2_lora,wti_fut,1,106,1.2246,1.0727,0.88
chronos_2_full,wti_fut,1,106,1.1916,1.0629,0.962
timesfm_25,wti_fut,1,106,1.0596,1.0528,0.892
moirai2_small,wti_fut,1,106,1.1123,1.0473,0.994
ar5_returns,wti_fut,5,106,1.1615,1.079,0.951
lear_lite,wti_fut,5,106,1.2145,1.0957,0.824
garch_t,wti_fut,5,106,0.9986,1.0048,0.483
qr_ar,wti_fut,5,106,1.0131,1.012,0.628
chronos_bolt_small,wti_fut,5,106,1.0971,1.06,0.873
chronos_bolt_base,wti_fut,5,106,1.1559,1.0736,0.972
chronos_2,wti_fut,5,106,1.0387,1.0213,0.727
chronos_2_lora,wti_fut,5,106,1.0382,1.0213,0.764
chronos_2_full,wti_fut,5,106,1.0416,1.016,0.787
timesfm_25,wti_fut,5,106,1.0898,1.0331,0.765
moirai2_small,wti_fut,5,106,1.0499,1.0331,0.91
ar5_returns,wti_fut,22,106,1.0272,1.0046,0.749
lear_lite,wti_fut,22,106,1.1234,1.0862,
garch_t,wti_fut,22,106,1.0039,1.0053,0.51
qr_ar,wti_fut,22,106,1.0057,1.0023,0.54
chronos_bolt_small,wti_fut,22,106,1.0393,1.0045,0.91
chronos_bolt_base,wti_fut,22,106,1.0319,1.0225,0.647
chronos_2,wti_fut,22,106,0.986,0.9812,0.408
chronos_2_lora,wti_fut,22,106,0.9887,0.9821,0.396
chronos_2_full,wti_fut,22,106,0.9995,0.9963,0.482
timesfm_25,wti_fut,22,106,0.9914,0.9878,0.477
moirai2_small,wti_fut,22,106,0.9588,0.9688,0.237
ar5_returns,brent_fut,1,106,0.9882,0.9922,0.146
lear_lite,brent_fut,1,106,0.9782,1.0012,0.3
garch_t,brent_fut,1,106,1.0005,0.9945,0.532
qr_ar,brent_fut,1,106,1.015,1.0119,0.821
chronos_bolt_small,brent_fut,1,106,1.2299,1.0847,0.988
chronos_bolt_base,brent_fut,1,106,1.1184,1.035,0.965
chronos_2,brent_fut,1,106,1.2795,1.0699,0.904
chronos_2_lora,brent_fut,1,106,1.2822,1.0541,0.883
chronos_2_full,brent_fut,1,106,1.2,1.0692,0.978
timesfm_25,brent_fut,1,106,1.077,1.0592,0.976
moirai2_small,brent_fut,1,106,1.1095,1.0495,0.994
ar5_returns,brent_fut,5,106,0.9986,0.9995,0.398
lear_lite,brent_fut,5,106,1.0711,1.0397,0.909
garch_t,brent_fut,5,106,1.002,1.0046,0.524
qr_ar,brent_fut,5,106,1.0533,1.0357,0.884
chronos_bolt_small,brent_fut,5,106,1.1912,1.1139,0.985
chronos_bolt_base,brent_fut,5,106,1.134,1.0647,0.963
chronos_2,brent_fut,5,106,1.084,1.0402,0.897
chronos_2_lora,brent_fut,5,106,1.0861,1.0468,0.933
chronos_2_full,brent_fut,5,106,1.0614,1.0287,0.882
timesfm_25,brent_fut,5,106,1.1197,1.0532,0.85
moirai2_small,brent_fut,5,106,1.072,1.0419,0.984
ar5_returns,brent_fut,22,106,1.0057,1.0037,0.926
lear_lite,brent_fut,22,106,1.0183,1.0095,0.629
garch_t,brent_fut,22,106,1.0182,1.012,0.552
qr_ar,brent_fut,22,106,1.0068,0.9979,0.564
chronos_bolt_small,brent_fut,22,106,1.1029,1.0424,0.993
chronos_bolt_base,brent_fut,22,106,1.0246,1.0204,0.99
chronos_2,brent_fut,22,106,0.9971,0.9977,0.483
chronos_2_lora,brent_fut,22,106,1.0013,0.9997,0.511
chronos_2_full,brent_fut,22,106,1.0012,1.0014,0.564
timesfm_25,brent_fut,22,106,0.9642,0.9699,0.333
moirai2_small,brent_fut,22,106,0.9661,0.9738,0.259
ar5_returns,natgas_fut,1,106,1.0188,1.0088,0.859
lear_lite,natgas_fut,1,106,1.0864,1.025,0.977
garch_t,natgas_fut,1,106,1.0043,0.9967,0.718
qr_ar,natgas_fut,1,106,1.013,0.9977,0.758
chronos_bolt_small,natgas_fut,1,106,1.0575,1.0252,0.849
chronos_bolt_base,natgas_fut,1,106,1.0961,1.0572,0.969
chronos_2,natgas_fut,1,106,1.0254,0.9868,0.722
chronos_2_lora,natgas_fut,1,106,1.0557,1.0112,0.88
chronos_2_full,natgas_fut,1,106,1.0851,1.0321,0.919
timesfm_25,natgas_fut,1,106,1.0325,1.025,0.844
moirai2_small,natgas_fut,1,106,1.0413,1.0237,0.951
ar5_returns,natgas_fut,5,106,0.9889,0.9946,0.113
lear_lite,natgas_fut,5,106,1.059,1.0253,0.952
garch_t,natgas_fut,5,106,1.0377,1.0428,0.801
qr_ar,natgas_fut,5,106,1.0664,1.0418,0.974
chronos_bolt_small,natgas_fut,5,106,1.134,1.085,0.847
chronos_bolt_base,natgas_fut,5,106,1.1258,1.1029,0.955
chronos_2,natgas_fut,5,106,1.0112,1.0246,0.606
chronos_2_lora,natgas_fut,5,106,1.0134,1.0309,0.592
chronos_2_full,natgas_fut,5,106,1.1346,1.1122,0.845
timesfm_25,natgas_fut,5,106,1.0336,1.0261,0.816
moirai2_small,natgas_fut,5,106,1.0474,1.0437,0.941
ar5_returns,natgas_fut,22,106,0.9758,1.0118,0.207
lear_lite,natgas_fut,22,106,1.0436,1.0232,0.83
garch_t,natgas_fut,22,106,1.0869,1.0534,0.832
qr_ar,natgas_fut,22,106,1.1624,1.0699,0.842
chronos_bolt_small,natgas_fut,22,106,1.2765,1.0828,0.794
chronos_bolt_base,natgas_fut,22,106,1.3671,1.2946,0.975
chronos_2,natgas_fut,22,106,1.0066,1.0551,0.568
chronos_2_lora,natgas_fut,22,106,1.0314,1.0621,0.999
chronos_2_full,natgas_fut,22,106,1.0248,1.0774,0.602
timesfm_25,natgas_fut,22,106,0.5155,0.953,0.216
moirai2_small,natgas_fut,22,106,0.8137,1.0651,0.241
ar5_returns,gold_fut,1,106,1.0051,1.0022,0.744
lear_lite,gold_fut,1,106,1.0138,1.006,0.956
garch_t,gold_fut,1,106,1.0206,1.0091,0.967
qr_ar,gold_fut,1,106,1.0279,1.0182,0.933
chronos_bolt_small,gold_fut,1,106,1.3005,1.1797,0.998
chronos_bolt_base,gold_fut,1,106,1.1939,1.1186,0.991
chronos_2,gold_fut,1,106,1.1107,1.04,0.935
chronos_2_lora,gold_fut,1,106,1.0983,1.0368,0.937
chronos_2_full,gold_fut,1,106,1.4053,1.1824,0.986
timesfm_25,gold_fut,1,106,1.0413,1.0231,0.889
moirai2_small,gold_fut,1,106,1.22,1.1159,0.999
ar5_returns,gold_fut,5,106,1.0454,1.0216,0.95
lear_lite,gold_fut,5,106,1.055,1.013,0.882
garch_t,gold_fut,5,106,1.0997,1.0467,0.957
qr_ar,gold_fut,5,106,1.0978,1.0423,0.932
chronos_bolt_small,gold_fut,5,106,1.3336,1.1459,0.971
chronos_bolt_base,gold_fut,5,106,1.2659,1.1058,0.951
chronos_2,gold_fut,5,106,1.1516,1.0622,0.923
chronos_2_lora,gold_fut,5,106,1.1945,1.0732,0.947
chronos_2_full,gold_fut,5,106,1.2962,1.1371,0.919
timesfm_25,gold_fut,5,106,0.9909,0.9938,0.381
moirai2_small,gold_fut,5,106,1.1931,1.0919,0.975
ar5_returns,gold_fut,22,106,1.1995,1.1045,
lear_lite,gold_fut,22,106,1.3362,1.1734,
garch_t,gold_fut,22,106,1.4962,1.2542,
qr_ar,gold_fut,22,106,1.2331,1.1288,1.0
chronos_bolt_small,gold_fut,22,106,1.8803,1.3904,0.999
chronos_bolt_base,gold_fut,22,106,1.7398,1.2694,0.961
chronos_2,gold_fut,22,106,1.6609,1.2875,0.999
chronos_2_lora,gold_fut,22,106,1.6941,1.3022,1.0
chronos_2_full,gold_fut,22,106,1.9322,1.3468,0.971
timesfm_25,gold_fut,22,106,0.8923,0.9095,
moirai2_small,gold_fut,22,106,1.0324,1.0204,0.606
ar5_returns,silver_fut,1,106,1.003,0.9999,0.646
lear_lite,silver_fut,1,106,1.0363,1.0421,0.772
garch_t,silver_fut,1,106,1.0081,1.0037,0.945
qr_ar,silver_fut,1,106,1.0133,1.012,0.811
chronos_bolt_small,silver_fut,1,106,1.3364,1.1765,1.0
chronos_bolt_base,silver_fut,1,106,1.2085,1.1658,0.977
chronos_2,silver_fut,1,106,1.0399,1.0451,0.745
chronos_2_lora,silver_fut,1,106,1.041,1.0373,0.793
chronos_2_full,silver_fut,1,106,1.217,1.1887,0.945
timesfm_25,silver_fut,1,106,1.0517,1.0402,0.925
moirai2_small,silver_fut,1,106,1.1804,1.1119,0.986
ar5_returns,silver_fut,5,106,1.0083,1.0067,0.739
lear_lite,silver_fut,5,106,1.0643,1.0114,0.889
garch_t,silver_fut,5,106,1.0329,1.0167,0.926
qr_ar,silver_fut,5,106,1.045,1.0238,0.917
chronos_bolt_small,silver_fut,5,106,1.2213,1.1028,0.968
chronos_bolt_base,silver_fut,5,106,0.9167,0.9631,0.214
chronos_2,silver_fut,5,106,1.0704,1.0262,0.813
chronos_2_lora,silver_fut,5,106,1.0883,1.0369,0.867
chronos_2_full,silver_fut,5,106,0.9371,0.9932,0.239
timesfm_25,silver_fut,5,106,1.063,1.0236,0.965
moirai2_small,silver_fut,5,106,1.0385,1.0249,0.821
ar5_returns,silver_fut,22,106,1.0787,1.0339,0.967
lear_lite,silver_fut,22,106,1.2228,1.0982,0.989
garch_t,silver_fut,22,106,1.1672,1.0732,0.984
qr_ar,silver_fut,22,106,1.1021,1.0721,0.864
chronos_bolt_small,silver_fut,22,106,1.3426,1.2022,0.878
chronos_bolt_base,silver_fut,22,106,0.6985,0.8068,0.214
chronos_2,silver_fut,22,106,1.4317,1.1711,0.794
chronos_2_lora,silver_fut,22,106,1.4696,1.1869,0.819
chronos_2_full,silver_fut,22,106,1.0414,1.0227,0.72
timesfm_25,silver_fut,22,106,0.8796,0.9586,0.086
moirai2_small,silver_fut,22,106,0.7058,0.8629,0.079
ar5_returns,copper_fut,1,106,1.0059,0.9908,0.67
lear_lite,copper_fut,1,106,1.0046,0.999,0.607
garch_t,copper_fut,1,106,0.9996,1.0021,0.484
qr_ar,copper_fut,1,106,1.0186,0.9952,0.815
chronos_bolt_small,copper_fut,1,106,1.1719,1.0859,0.994
chronos_bolt_base,copper_fut,1,106,1.2593,1.1307,0.993
chronos_2,copper_fut,1,106,1.1413,1.0706,0.989
chronos_2_lora,copper_fut,1,106,1.1848,1.0821,0.985
chronos_2_full,copper_fut,1,106,1.0854,1.04,0.927
timesfm_25,copper_fut,1,106,1.0145,1.0093,0.657
moirai2_small,copper_fut,1,106,1.0581,1.0256,0.841
ar5_returns,copper_fut,5,106,0.9954,0.9892,0.369
lear_lite,copper_fut,5,106,0.9953,0.985,0.443
garch_t,copper_fut,5,106,0.9968,0.979,0.475
qr_ar,copper_fut,5,106,0.9561,0.958,0.151
chronos_bolt_small,copper_fut,5,106,1.0891,0.9886,0.795
chronos_bolt_base,copper_fut,5,106,1.1816,1.0052,0.883
chronos_2,copper_fut,5,106,1.0451,0.9931,0.81
chronos_2_lora,copper_fut,5,106,1.0231,0.9706,0.649
chronos_2_full,copper_fut,5,106,1.0144,0.977,0.587
timesfm_25,copper_fut,5,106,0.9915,0.9818,0.425
moirai2_small,copper_fut,5,106,1.0163,0.9835,0.676
ar5_returns,copper_fut,22,106,0.9626,0.9968,0.333
lear_lite,copper_fut,22,106,0.9445,0.9974,0.393
garch_t,copper_fut,22,106,0.9676,1.0153,0.46
qr_ar,copper_fut,22,106,0.9165,0.9858,0.356
chronos_bolt_small,copper_fut,22,106,1.306,1.1876,0.798
chronos_bolt_base,copper_fut,22,106,1.2638,1.1896,0.701
chronos_2,copper_fut,22,106,1.2384,1.146,
chronos_2_lora,copper_fut,22,106,1.2028,1.1357,
chronos_2_full,copper_fut,22,106,1.0544,1.0711,0.576
timesfm_25,copper_fut,22,106,1.0376,0.98,0.599
moirai2_small,copper_fut,22,106,1.0331,1.0082,0.683
ar5_returns,platinum_fut,1,106,1.0032,1.0021,0.582
lear_lite,platinum_fut,1,106,1.0449,1.0089,0.904
garch_t,platinum_fut,1,106,1.0043,1.0013,0.919
qr_ar,platinum_fut,1,106,1.0403,1.0177,0.945
chronos_bolt_small,platinum_fut,1,106,1.1739,1.1078,0.998
chronos_bolt_base,platinum_fut,1,106,1.1565,1.0584,0.985
chronos_2,platinum_fut,1,106,1.0431,1.0434,0.758
chronos_2_lora,platinum_fut,1,106,1.055,1.035,0.844
chronos_2_full,platinum_fut,1,106,1.0599,1.0746,0.708
timesfm_25,platinum_fut,1,106,1.0211,0.9696,0.696
moirai2_small,platinum_fut,1,106,1.119,1.0063,0.961
ar5_returns,platinum_fut,5,106,1.0037,1.0046,0.59
lear_lite,platinum_fut,5,106,1.0211,1.0073,0.678
garch_t,platinum_fut,5,106,1.0219,1.0095,0.915
qr_ar,platinum_fut,5,106,1.0162,1.0151,0.608
chronos_bolt_small,platinum_fut,5,106,1.1743,1.1139,0.947
chronos_bolt_base,platinum_fut,5,106,0.986,0.9928,0.361
chronos_2,platinum_fut,5,106,1.0572,1.0453,0.773
chronos_2_lora,platinum_fut,5,106,1.0805,1.055,0.892
chronos_2_full,platinum_fut,5,106,0.9352,0.9952,0.235
timesfm_25,platinum_fut,5,106,0.9879,0.9957,0.387
moirai2_small,platinum_fut,5,106,1.0386,1.0136,0.802
ar5_returns,platinum_fut,22,106,1.0652,1.0285,0.966
lear_lite,platinum_fut,22,106,1.1892,1.0954,0.999
garch_t,platinum_fut,22,106,1.1132,1.0563,0.993
qr_ar,platinum_fut,22,106,1.1009,1.0602,0.991
chronos_bolt_small,platinum_fut,22,106,1.2073,1.1138,0.994
chronos_bolt_base,platinum_fut,22,106,0.8192,0.92,0.081
chronos_2,platinum_fut,22,106,1.0708,1.0331,0.684
chronos_2_lora,platinum_fut,22,106,1.131,1.062,0.821
chronos_2_full,platinum_fut,22,106,1.0115,1.0048,
timesfm_25,platinum_fut,22,106,0.9443,0.9923,0.117
moirai2_small,platinum_fut,22,106,0.6666,0.8251,0.03
ar5_returns,corn_fut,1,106,0.9949,0.9999,0.215
lear_lite,corn_fut,1,106,1.0008,1.0001,0.604
garch_t,corn_fut,1,106,1.0024,1.0009,0.623
qr_ar,corn_fut,1,106,1.0222,1.0161,0.904
chronos_bolt_small,corn_fut,1,106,1.126,1.0337,0.962
chronos_bolt_base,corn_fut,1,106,1.0335,1.0148,0.733
chronos_2,corn_fut,1,106,1.0173,1.0092,0.649
chronos_2_lora,corn_fut,1,106,1.0565,1.0412,0.902
chronos_2_full,corn_fut,1,106,1.0621,1.0558,0.954
timesfm_25,corn_fut,1,106,0.9711,0.9932,0.125
moirai2_small,corn_fut,1,106,1.0693,1.0412,0.94
ar5_returns,corn_fut,5,106,1.0033,1.0007,0.587
lear_lite,corn_fut,5,106,1.002,0.9987,0.548
garch_t,corn_fut,5,106,1.0056,0.9942,0.551
qr_ar,corn_fut,5,106,1.0081,0.9947,0.558
chronos_bolt_small,corn_fut,5,106,1.139,1.0577,0.933
chronos_bolt_base,corn_fut,5,106,1.0564,1.0171,0.751
chronos_2,corn_fut,5,106,1.0378,1.0106,0.791
chronos_2_lora,corn_fut,5,106,1.0751,1.0249,0.875
chronos_2_full,corn_fut,5,106,1.0363,1.0024,0.683
timesfm_25,corn_fut,5,106,0.9649,0.9801,0.134
moirai2_small,corn_fut,5,106,1.0986,1.0565,0.831
ar5_returns,corn_fut,22,106,0.9951,0.9871,0.45
lear_lite,corn_fut,22,106,1.0129,0.9943,0.588
garch_t,corn_fut,22,106,1.0264,0.9772,0.566
qr_ar,corn_fut,22,106,1.0285,0.9881,0.586
chronos_bolt_small,corn_fut,22,106,1.1358,1.0325,0.729
chronos_bolt_base,corn_fut,22,106,1.0193,0.9854,0.551
chronos_2,corn_fut,22,106,1.0194,0.9877,0.61
chronos_2_lora,corn_fut,22,106,1.0125,0.9804,0.564
chronos_2_full,corn_fut,22,106,0.982,0.9443,0.455
timesfm_25,corn_fut,22,106,0.9063,0.9597,0.096
moirai2_small,corn_fut,22,106,1.1865,1.1014,0.978
ar5_returns,wheat_fut,1,106,1.0057,1.0034,0.839
lear_lite,wheat_fut,1,106,1.0459,1.0293,0.999
garch_t,wheat_fut,1,106,1.001,1.0005,0.701
qr_ar,wheat_fut,1,106,1.002,0.9938,0.539
chronos_bolt_small,wheat_fut,1,106,1.0943,1.0478,0.946
chronos_bolt_base,wheat_fut,1,106,1.01,1.0079,0.596
chronos_2,wheat_fut,1,106,1.093,1.062,0.971
chronos_2_lora,wheat_fut,1,106,1.1055,1.0576,0.978
chronos_2_full,wheat_fut,1,106,1.1835,1.0958,0.998
timesfm_25,wheat_fut,1,106,1.01,0.9927,0.6
moirai2_small,wheat_fut,1,106,1.0785,1.0411,0.975
ar5_returns,wheat_fut,5,106,0.9995,0.9998,0.483
lear_lite,wheat_fut,5,106,0.9985,0.9992,0.4
garch_t,wheat_fut,5,106,1.0091,1.0072,0.865
qr_ar,wheat_fut,5,106,1.0256,1.0226,0.724
chronos_bolt_small,wheat_fut,5,106,1.1154,1.0854,0.885
chronos_bolt_base,wheat_fut,5,106,1.1862,1.0946,0.921
chronos_2,wheat_fut,5,106,1.1826,1.092,0.916
chronos_2_lora,wheat_fut,5,106,1.1491,1.0775,0.895
chronos_2_full,wheat_fut,5,106,1.1336,1.0708,0.924
timesfm_25,wheat_fut,5,106,1.1249,1.0742,0.88
moirai2_small,wheat_fut,5,106,1.0459,1.0335,0.691
ar5_returns,wheat_fut,22,106,0.9748,0.9862,0.115
lear_lite,wheat_fut,22,106,0.9951,0.9988,0.389
garch_t,wheat_fut,22,106,1.0633,1.0367,0.925
qr_ar,wheat_fut,22,106,1.038,1.0254,0.862
chronos_bolt_small,wheat_fut,22,106,1.2305,1.1023,0.788
chronos_bolt_base,wheat_fut,22,106,1.2213,1.0891,0.874
chronos_2,wheat_fut,22,106,1.2118,1.0837,0.785
chronos_2_lora,wheat_fut,22,106,1.1934,1.077,0.79
chronos_2_full,wheat_fut,22,106,0.9948,1.0103,0.477
timesfm_25,wheat_fut,22,106,1.2185,1.1118,0.805
moirai2_small,wheat_fut,22,106,1.0303,1.0019,0.54
ar5_returns,soybean_fut,1,106,1.006,1.007,0.86
lear_lite,soybean_fut,1,106,1.001,1.0056,0.528
garch_t,soybean_fut,1,106,1.0021,1.0007,0.638
qr_ar,soybean_fut,1,106,1.0071,1.0215,0.706
chronos_bolt_small,soybean_fut,1,106,1.119,1.0741,0.966
chronos_bolt_base,soybean_fut,1,106,1.0986,1.0787,0.965
chronos_2,soybean_fut,1,106,1.146,1.0865,0.981
chronos_2_lora,soybean_fut,1,106,1.1604,1.1107,0.993
chronos_2_full,soybean_fut,1,106,1.1381,1.0884,0.987
timesfm_25,soybean_fut,1,106,1.0133,0.9973,0.721
moirai2_small,soybean_fut,1,106,1.0428,1.0232,0.852
ar5_returns,soybean_fut,5,106,0.9953,0.9991,0.392
lear_lite,soybean_fut,5,106,0.9987,0.9943,0.488
garch_t,soybean_fut,5,106,1.0036,1.0048,0.546
qr_ar,soybean_fut,5,106,1.0082,1.0061,0.612
chronos_bolt_small,soybean_fut,5,106,1.07,1.0371,0.735
chronos_bolt_base,soybean_fut,5,106,1.0791,1.0559,0.817
chronos_2,soybean_fut,5,106,1.1256,1.0684,0.987
chronos_2_lora,soybean_fut,5,106,1.0823,1.0251,0.891
chronos_2_full,soybean_fut,5,106,1.0852,1.0465,0.922
timesfm_25,soybean_fut,5,106,1.0221,1.0152,0.728
moirai2_small,soybean_fut,5,106,0.9648,0.9879,0.288
ar5_returns,soybean_fut,22,106,0.9738,0.9723,0.209
lear_lite,soybean_fut,22,106,0.9773,0.9691,0.333
garch_t,soybean_fut,22,106,0.9808,0.9546,0.42
qr_ar,soybean_fut,22,106,0.9962,0.978,0.48
chronos_bolt_small,soybean_fut,22,106,1.1303,1.0489,0.691
chronos_bolt_base,soybean_fut,22,106,1.1864,1.0655,0.725
chronos_2,soybean_fut,22,106,1.056,1.0326,
chronos_2_lora,soybean_fut,22,106,1.0235,1.0096,0.867
chronos_2_full,soybean_fut,22,106,1.0055,0.9925,0.535
timesfm_25,soybean_fut,22,106,1.1299,1.0748,0.851
moirai2_small,soybean_fut,22,106,0.9893,1.0471,0.475
