model,series,h,sample,n,exceedances,exceedance_rate,expected,ci_lo,ci_hi,kupiec_p
garch_t,wti_fut,1,overlapping,2805,180,0.0642,0.05,0.0557,0.0739,0.0009
garch_t,wti_fut,1,non_overlapping,2805,180,0.0642,0.05,0.0557,0.0739,0.0009
garch_t,wti_fut,5,overlapping,2805,193,0.0688,0.05,0.06,0.0788,0.0
garch_t,wti_fut,5,non_overlapping,561,35,0.0624,0.05,0.0452,0.0855,0.1941
garch_t,wti_fut,22,overlapping,2805,205,0.0731,0.05,0.064,0.0833,0.0
garch_t,wti_fut,22,non_overlapping,128,12,0.0938,0.05,0.0545,0.1568,0.0417
garch_t,brent_fut,1,overlapping,2806,175,0.0624,0.05,0.054,0.072,0.0037
garch_t,brent_fut,1,non_overlapping,2806,175,0.0624,0.05,0.054,0.072,0.0037
garch_t,brent_fut,5,overlapping,2806,214,0.0763,0.05,0.067,0.0867,0.0
garch_t,brent_fut,5,non_overlapping,562,35,0.0623,0.05,0.0451,0.0854,0.1976
garch_t,brent_fut,22,overlapping,2806,231,0.0823,0.05,0.0727,0.093,0.0
garch_t,brent_fut,22,non_overlapping,128,13,0.1016,0.05,0.0603,0.1661,0.0181
garch_t,natgas_fut,1,overlapping,2806,136,0.0485,0.05,0.0412,0.0571,0.7082
garch_t,natgas_fut,1,non_overlapping,2806,136,0.0485,0.05,0.0412,0.0571,0.7082
garch_t,natgas_fut,5,overlapping,2806,132,0.047,0.05,0.0398,0.0555,0.4679
garch_t,natgas_fut,5,non_overlapping,562,28,0.0498,0.05,0.0347,0.071,0.9845
garch_t,natgas_fut,22,overlapping,2806,98,0.0349,0.05,0.0287,0.0424,0.0001
garch_t,natgas_fut,22,non_overlapping,128,9,0.0703,0.05,0.0374,0.1282,0.3191
garch_t,gold_fut,1,overlapping,2804,165,0.0588,0.05,0.0507,0.0681,0.0364
garch_t,gold_fut,1,non_overlapping,2804,165,0.0588,0.05,0.0507,0.0681,0.0364
garch_t,gold_fut,5,overlapping,2804,163,0.0581,0.05,0.05,0.0674,0.0538
garch_t,gold_fut,5,non_overlapping,561,35,0.0624,0.05,0.0452,0.0855,0.1941
garch_t,gold_fut,22,overlapping,2804,115,0.041,0.05,0.0343,0.049,0.0244
garch_t,gold_fut,22,non_overlapping,128,8,0.0625,0.05,0.032,0.1185,0.5315
garch_t,silver_fut,1,overlapping,2804,156,0.0556,0.05,0.0477,0.0647,0.1784
garch_t,silver_fut,1,non_overlapping,2804,156,0.0556,0.05,0.0477,0.0647,0.1784
garch_t,silver_fut,5,overlapping,2804,166,0.0592,0.05,0.0511,0.0686,0.0296
garch_t,silver_fut,5,non_overlapping,561,38,0.0677,0.05,0.0497,0.0916,0.0668
garch_t,silver_fut,22,overlapping,2804,97,0.0346,0.05,0.0284,0.042,0.0001
garch_t,silver_fut,22,non_overlapping,128,6,0.0469,0.05,0.0217,0.0985,0.8698
garch_t,copper_fut,1,overlapping,2805,158,0.0563,0.05,0.0484,0.0655,0.1314
garch_t,copper_fut,1,non_overlapping,2805,158,0.0563,0.05,0.0484,0.0655,0.1314
garch_t,copper_fut,5,overlapping,2805,126,0.0449,0.05,0.0378,0.0532,0.2094
garch_t,copper_fut,5,non_overlapping,561,23,0.041,0.05,0.0275,0.0608,0.3132
garch_t,copper_fut,22,overlapping,2805,150,0.0535,0.05,0.0458,0.0625,0.4033
garch_t,copper_fut,22,non_overlapping,128,6,0.0469,0.05,0.0217,0.0985,0.8698
garch_t,platinum_fut,1,overlapping,2803,153,0.0546,0.05,0.0468,0.0636,0.2722
garch_t,platinum_fut,1,non_overlapping,2803,153,0.0546,0.05,0.0468,0.0636,0.2722
garch_t,platinum_fut,5,overlapping,2803,148,0.0528,0.05,0.0451,0.0617,0.5
garch_t,platinum_fut,5,non_overlapping,561,24,0.0428,0.05,0.0289,0.0629,0.4216
garch_t,platinum_fut,22,overlapping,2803,118,0.0421,0.05,0.0353,0.0502,0.0487
garch_t,platinum_fut,22,non_overlapping,128,3,0.0234,0.05,0.008,0.0666,0.1254
garch_t,corn_fut,1,overlapping,2802,128,0.0457,0.05,0.0386,0.0541,0.2875
garch_t,corn_fut,1,non_overlapping,2802,128,0.0457,0.05,0.0386,0.0541,0.2875
garch_t,corn_fut,5,overlapping,2802,142,0.0507,0.05,0.0432,0.0595,0.8695
garch_t,corn_fut,5,non_overlapping,561,24,0.0428,0.05,0.0289,0.0629,0.4216
garch_t,corn_fut,22,overlapping,2802,170,0.0607,0.05,0.0524,0.0702,0.012
garch_t,corn_fut,22,non_overlapping,128,10,0.0781,0.05,0.043,0.1378,0.1757
garch_t,wheat_fut,1,overlapping,2804,123,0.0439,0.05,0.0369,0.0521,0.1283
garch_t,wheat_fut,1,non_overlapping,2804,123,0.0439,0.05,0.0369,0.0521,0.1283
garch_t,wheat_fut,5,overlapping,2804,107,0.0382,0.05,0.0317,0.0459,0.0027
garch_t,wheat_fut,5,non_overlapping,561,19,0.0339,0.05,0.0218,0.0523,0.0633
garch_t,wheat_fut,22,overlapping,2804,93,0.0332,0.05,0.0272,0.0405,0.0
garch_t,wheat_fut,22,non_overlapping,128,3,0.0234,0.05,0.008,0.0666,0.1254
garch_t,soybean_fut,1,overlapping,2804,129,0.046,0.05,0.0388,0.0544,0.3255
garch_t,soybean_fut,1,non_overlapping,2804,129,0.046,0.05,0.0388,0.0544,0.3255
garch_t,soybean_fut,5,overlapping,2804,140,0.0499,0.05,0.0424,0.0586,0.9862
garch_t,soybean_fut,5,non_overlapping,561,28,0.0499,0.05,0.0347,0.0712,0.9923
garch_t,soybean_fut,22,overlapping,2804,146,0.0521,0.05,0.0445,0.061,0.6175
garch_t,soybean_fut,22,non_overlapping,128,6,0.0469,0.05,0.0217,0.0985,0.8698
qr_ar,wti_fut,1,overlapping,2805,178,0.0635,0.05,0.0551,0.0731,0.0017
qr_ar,wti_fut,1,non_overlapping,2805,178,0.0635,0.05,0.0551,0.0731,0.0017
qr_ar,wti_fut,5,overlapping,2805,175,0.0624,0.05,0.054,0.072,0.0037
qr_ar,wti_fut,5,non_overlapping,561,36,0.0642,0.05,0.0467,0.0876,0.1393
qr_ar,wti_fut,22,overlapping,2805,161,0.0574,0.05,0.0494,0.0666,0.0787
qr_ar,wti_fut,22,non_overlapping,128,11,0.0859,0.05,0.0486,0.1473,0.0891
qr_ar,brent_fut,1,overlapping,2806,172,0.0613,0.05,0.053,0.0708,0.0079
qr_ar,brent_fut,1,non_overlapping,2806,172,0.0613,0.05,0.053,0.0708,0.0079
qr_ar,brent_fut,5,overlapping,2806,167,0.0595,0.05,0.0513,0.0689,0.0246
qr_ar,brent_fut,5,non_overlapping,562,31,0.0552,0.05,0.0392,0.0773,0.5806
qr_ar,brent_fut,22,overlapping,2806,149,0.0531,0.05,0.0454,0.062,0.4554
qr_ar,brent_fut,22,non_overlapping,128,10,0.0781,0.05,0.043,0.1378,0.1757
qr_ar,natgas_fut,1,overlapping,2806,192,0.0684,0.05,0.0596,0.0783,0.0
qr_ar,natgas_fut,1,non_overlapping,2806,192,0.0684,0.05,0.0596,0.0783,0.0
qr_ar,natgas_fut,5,overlapping,2806,209,0.0745,0.05,0.0654,0.0848,0.0
qr_ar,natgas_fut,5,non_overlapping,562,45,0.0801,0.05,0.0604,0.1055,0.0025
qr_ar,natgas_fut,22,overlapping,2806,225,0.0802,0.05,0.0707,0.0908,0.0
qr_ar,natgas_fut,22,non_overlapping,128,14,0.1094,0.05,0.0663,0.1753,0.0073
qr_ar,gold_fut,1,overlapping,2804,137,0.0489,0.05,0.0415,0.0575,0.7808
qr_ar,gold_fut,1,non_overlapping,2804,137,0.0489,0.05,0.0415,0.0575,0.7808
qr_ar,gold_fut,5,overlapping,2804,132,0.0471,0.05,0.0399,0.0556,0.4732
qr_ar,gold_fut,5,non_overlapping,561,28,0.0499,0.05,0.0347,0.0712,0.9923
qr_ar,gold_fut,22,overlapping,2804,106,0.0378,0.05,0.0313,0.0455,0.002
qr_ar,gold_fut,22,non_overlapping,128,9,0.0703,0.05,0.0374,0.1282,0.3191
qr_ar,silver_fut,1,overlapping,2804,150,0.0535,0.05,0.0458,0.0625,0.4009
qr_ar,silver_fut,1,non_overlapping,2804,150,0.0535,0.05,0.0458,0.0625,0.4009
qr_ar,silver_fut,5,overlapping,2804,150,0.0535,0.05,0.0458,0.0625,0.4009
qr_ar,silver_fut,5,non_overlapping,561,28,0.0499,0.05,0.0347,0.0712,0.9923
qr_ar,silver_fut,22,overlapping,2804,118,0.0421,0.05,0.0353,0.0502,0.0482
qr_ar,silver_fut,22,non_overlapping,128,5,0.0391,0.05,0.0168,0.0882,0.5556
qr_ar,copper_fut,1,overlapping,2805,162,0.0578,0.05,0.0498,0.0671,0.0656
qr_ar,copper_fut,1,non_overlapping,2805,162,0.0578,0.05,0.0498,0.0671,0.0656
qr_ar,copper_fut,5,overlapping,2805,163,0.0581,0.05,0.05,0.0674,0.0544
qr_ar,copper_fut,5,non_overlapping,561,27,0.0481,0.05,0.0333,0.0691,0.8379
qr_ar,copper_fut,22,overlapping,2805,166,0.0592,0.05,0.0511,0.0686,0.03
qr_ar,copper_fut,22,non_overlapping,128,8,0.0625,0.05,0.032,0.1185,0.5315
qr_ar,platinum_fut,1,overlapping,2803,190,0.0678,0.05,0.0591,0.0777,0.0
qr_ar,platinum_fut,1,non_overlapping,2803,190,0.0678,0.05,0.0591,0.0777,0.0
qr_ar,platinum_fut,5,overlapping,2803,185,0.066,0.05,0.0574,0.0758,0.0002
qr_ar,platinum_fut,5,non_overlapping,561,32,0.057,0.05,0.0407,0.0794,0.4538
qr_ar,platinum_fut,22,overlapping,2803,155,0.0553,0.05,0.0474,0.0644,0.2054
qr_ar,platinum_fut,22,non_overlapping,128,9,0.0703,0.05,0.0374,0.1282,0.3191
qr_ar,corn_fut,1,overlapping,2802,125,0.0446,0.05,0.0376,0.0529,0.1828
qr_ar,corn_fut,1,non_overlapping,2802,125,0.0446,0.05,0.0376,0.0529,0.1828
qr_ar,corn_fut,5,overlapping,2802,139,0.0496,0.05,0.0422,0.0583,0.9239
qr_ar,corn_fut,5,non_overlapping,561,24,0.0428,0.05,0.0289,0.0629,0.4216
qr_ar,corn_fut,22,overlapping,2802,133,0.0475,0.05,0.0402,0.056,0.535
qr_ar,corn_fut,22,non_overlapping,128,7,0.0547,0.05,0.0267,0.1086,0.8104
qr_ar,wheat_fut,1,overlapping,2804,138,0.0492,0.05,0.0418,0.0578,0.8484
qr_ar,wheat_fut,1,non_overlapping,2804,138,0.0492,0.05,0.0418,0.0578,0.8484
qr_ar,wheat_fut,5,overlapping,2804,153,0.0546,0.05,0.0468,0.0636,0.2741
qr_ar,wheat_fut,5,non_overlapping,561,26,0.0463,0.05,0.0318,0.067,0.6878
qr_ar,wheat_fut,22,overlapping,2804,151,0.0539,0.05,0.0461,0.0629,0.3551
qr_ar,wheat_fut,22,non_overlapping,128,6,0.0469,0.05,0.0217,0.0985,0.8698
qr_ar,soybean_fut,1,overlapping,2804,130,0.0464,0.05,0.0392,0.0548,0.3712
qr_ar,soybean_fut,1,non_overlapping,2804,130,0.0464,0.05,0.0392,0.0548,0.3712
qr_ar,soybean_fut,5,overlapping,2804,112,0.0399,0.05,0.0333,0.0478,0.0115
qr_ar,soybean_fut,5,non_overlapping,561,19,0.0339,0.05,0.0218,0.0523,0.0633
qr_ar,soybean_fut,22,overlapping,2804,121,0.0432,0.05,0.0363,0.0514,0.0888
qr_ar,soybean_fut,22,non_overlapping,128,5,0.0391,0.05,0.0168,0.0882,0.5556
chronos_2,wti_fut,1,overlapping,2805,131,0.0467,0.05,0.0395,0.0551,0.418
chronos_2,wti_fut,1,non_overlapping,2805,131,0.0467,0.05,0.0395,0.0551,0.418
chronos_2,wti_fut,5,overlapping,2805,177,0.0631,0.05,0.0547,0.0727,0.0022
chronos_2,wti_fut,5,non_overlapping,561,35,0.0624,0.05,0.0452,0.0855,0.1941
chronos_2,wti_fut,22,overlapping,2805,157,0.056,0.05,0.0481,0.0651,0.1541
chronos_2,wti_fut,22,non_overlapping,128,11,0.0859,0.05,0.0486,0.1473,0.0891
chronos_2,brent_fut,1,overlapping,2806,132,0.047,0.05,0.0398,0.0555,0.4679
chronos_2,brent_fut,1,non_overlapping,2806,132,0.047,0.05,0.0398,0.0555,0.4679
chronos_2,brent_fut,5,overlapping,2806,194,0.0691,0.05,0.0603,0.0791,0.0
chronos_2,brent_fut,5,non_overlapping,562,38,0.0676,0.05,0.0496,0.0914,0.0683
chronos_2,brent_fut,22,overlapping,2806,159,0.0567,0.05,0.0487,0.0659,0.1124
chronos_2,brent_fut,22,non_overlapping,128,10,0.0781,0.05,0.043,0.1378,0.1757
chronos_2,natgas_fut,1,overlapping,2806,139,0.0495,0.05,0.0421,0.0582,0.9102
chronos_2,natgas_fut,1,non_overlapping,2806,139,0.0495,0.05,0.0421,0.0582,0.9102
chronos_2,natgas_fut,5,overlapping,2806,172,0.0613,0.05,0.053,0.0708,0.0079
chronos_2,natgas_fut,5,non_overlapping,562,37,0.0658,0.05,0.0481,0.0894,0.0997
chronos_2,natgas_fut,22,overlapping,2806,146,0.052,0.05,0.0444,0.0608,0.6237
chronos_2,natgas_fut,22,non_overlapping,128,9,0.0703,0.05,0.0374,0.1282,0.3191
chronos_2,gold_fut,1,overlapping,2804,115,0.041,0.05,0.0343,0.049,0.0244
chronos_2,gold_fut,1,non_overlapping,2804,115,0.041,0.05,0.0343,0.049,0.0244
chronos_2,gold_fut,5,overlapping,2804,149,0.0531,0.05,0.0454,0.062,0.4502
chronos_2,gold_fut,5,non_overlapping,561,31,0.0553,0.05,0.0392,0.0774,0.5739
chronos_2,gold_fut,22,overlapping,2804,58,0.0207,0.05,0.016,0.0267,0.0
chronos_2,gold_fut,22,non_overlapping,128,5,0.0391,0.05,0.0168,0.0882,0.5556
chronos_2,silver_fut,1,overlapping,2804,124,0.0442,0.05,0.0372,0.0525,0.1525
chronos_2,silver_fut,1,non_overlapping,2804,124,0.0442,0.05,0.0372,0.0525,0.1525
chronos_2,silver_fut,5,overlapping,2804,164,0.0585,0.05,0.0504,0.0678,0.0444
chronos_2,silver_fut,5,non_overlapping,561,36,0.0642,0.05,0.0467,0.0876,0.1393
chronos_2,silver_fut,22,overlapping,2804,102,0.0364,0.05,0.0301,0.044,0.0005
chronos_2,silver_fut,22,non_overlapping,128,6,0.0469,0.05,0.0217,0.0985,0.8698
chronos_2,copper_fut,1,overlapping,2805,96,0.0342,0.05,0.0281,0.0416,0.0001
chronos_2,copper_fut,1,non_overlapping,2805,96,0.0342,0.05,0.0281,0.0416,0.0001
chronos_2,copper_fut,5,overlapping,2805,129,0.046,0.05,0.0388,0.0544,0.3234
chronos_2,copper_fut,5,non_overlapping,561,25,0.0446,0.05,0.0304,0.065,0.5475
chronos_2,copper_fut,22,overlapping,2805,165,0.0588,0.05,0.0507,0.0681,0.0368
chronos_2,copper_fut,22,non_overlapping,128,9,0.0703,0.05,0.0374,0.1282,0.3191
chronos_2,platinum_fut,1,overlapping,2803,127,0.0453,0.05,0.0382,0.0536,0.2472
chronos_2,platinum_fut,1,non_overlapping,2803,127,0.0453,0.05,0.0382,0.0536,0.2472
chronos_2,platinum_fut,5,overlapping,2803,155,0.0553,0.05,0.0474,0.0644,0.2054
chronos_2,platinum_fut,5,non_overlapping,561,25,0.0446,0.05,0.0304,0.065,0.5475
chronos_2,platinum_fut,22,overlapping,2803,141,0.0503,0.05,0.0428,0.059,0.9413
chronos_2,platinum_fut,22,non_overlapping,128,7,0.0547,0.05,0.0267,0.1086,0.8104
chronos_2,corn_fut,1,overlapping,2802,120,0.0428,0.05,0.0359,0.0509,0.0744
chronos_2,corn_fut,1,non_overlapping,2802,120,0.0428,0.05,0.0359,0.0509,0.0744
chronos_2,corn_fut,5,overlapping,2802,169,0.0603,0.05,0.0521,0.0697,0.0151
chronos_2,corn_fut,5,non_overlapping,561,27,0.0481,0.05,0.0333,0.0691,0.8379
chronos_2,corn_fut,22,overlapping,2802,194,0.0692,0.05,0.0604,0.0792,0.0
chronos_2,corn_fut,22,non_overlapping,128,8,0.0625,0.05,0.032,0.1185,0.5315
chronos_2,wheat_fut,1,overlapping,2804,85,0.0303,0.05,0.0246,0.0373,0.0
chronos_2,wheat_fut,1,non_overlapping,2804,85,0.0303,0.05,0.0246,0.0373,0.0
chronos_2,wheat_fut,5,overlapping,2804,128,0.0456,0.05,0.0385,0.054,0.2836
chronos_2,wheat_fut,5,non_overlapping,561,23,0.041,0.05,0.0275,0.0608,0.3132
chronos_2,wheat_fut,22,overlapping,2804,115,0.041,0.05,0.0343,0.049,0.0244
chronos_2,wheat_fut,22,non_overlapping,128,3,0.0234,0.05,0.008,0.0666,0.1254
chronos_2,soybean_fut,1,overlapping,2804,105,0.0374,0.05,0.031,0.0451,0.0014
chronos_2,soybean_fut,1,non_overlapping,2804,105,0.0374,0.05,0.031,0.0451,0.0014
chronos_2,soybean_fut,5,overlapping,2804,148,0.0528,0.05,0.0451,0.0617,0.5028
chronos_2,soybean_fut,5,non_overlapping,561,33,0.0588,0.05,0.0422,0.0814,0.3503
chronos_2,soybean_fut,22,overlapping,2804,117,0.0417,0.05,0.0349,0.0497,0.0387
chronos_2,soybean_fut,22,non_overlapping,128,4,0.0312,0.05,0.0122,0.0775,0.2971
chronos_2_lora,wti_fut,1,overlapping,2805,154,0.0549,0.05,0.0471,0.064,0.2406
chronos_2_lora,wti_fut,1,non_overlapping,2805,154,0.0549,0.05,0.0471,0.064,0.2406
chronos_2_lora,wti_fut,5,overlapping,2805,191,0.0681,0.05,0.0594,0.078,0.0
chronos_2_lora,wti_fut,5,non_overlapping,561,38,0.0677,0.05,0.0497,0.0916,0.0668
chronos_2_lora,wti_fut,22,overlapping,2805,162,0.0578,0.05,0.0498,0.0671,0.0656
chronos_2_lora,wti_fut,22,non_overlapping,128,11,0.0859,0.05,0.0486,0.1473,0.0891
chronos_2_lora,brent_fut,1,overlapping,2806,156,0.0556,0.05,0.0477,0.0647,0.1812
chronos_2_lora,brent_fut,1,non_overlapping,2806,156,0.0556,0.05,0.0477,0.0647,0.1812
chronos_2_lora,brent_fut,5,overlapping,2806,206,0.0734,0.05,0.0643,0.0836,0.0
chronos_2_lora,brent_fut,5,non_overlapping,562,38,0.0676,0.05,0.0496,0.0914,0.0683
chronos_2_lora,brent_fut,22,overlapping,2806,164,0.0584,0.05,0.0503,0.0677,0.0453
chronos_2_lora,brent_fut,22,non_overlapping,128,10,0.0781,0.05,0.043,0.1378,0.1757
chronos_2_lora,natgas_fut,1,overlapping,2806,159,0.0567,0.05,0.0487,0.0659,0.1124
chronos_2_lora,natgas_fut,1,non_overlapping,2806,159,0.0567,0.05,0.0487,0.0659,0.1124
chronos_2_lora,natgas_fut,5,overlapping,2806,186,0.0663,0.05,0.0577,0.0761,0.0002
chronos_2_lora,natgas_fut,5,non_overlapping,562,37,0.0658,0.05,0.0481,0.0894,0.0997
chronos_2_lora,natgas_fut,22,overlapping,2806,147,0.0524,0.05,0.0448,0.0613,0.5646
chronos_2_lora,natgas_fut,22,non_overlapping,128,9,0.0703,0.05,0.0374,0.1282,0.3191
chronos_2_lora,gold_fut,1,overlapping,2804,131,0.0467,0.05,0.0395,0.0551,0.4204
chronos_2_lora,gold_fut,1,non_overlapping,2804,131,0.0467,0.05,0.0395,0.0551,0.4204
chronos_2_lora,gold_fut,5,overlapping,2804,163,0.0581,0.05,0.05,0.0674,0.0538
chronos_2_lora,gold_fut,5,non_overlapping,561,34,0.0606,0.05,0.0437,0.0835,0.2639
chronos_2_lora,gold_fut,22,overlapping,2804,65,0.0232,0.05,0.0182,0.0295,0.0
chronos_2_lora,gold_fut,22,non_overlapping,128,5,0.0391,0.05,0.0168,0.0882,0.5556
chronos_2_lora,silver_fut,1,overlapping,2804,138,0.0492,0.05,0.0418,0.0578,0.8484
chronos_2_lora,silver_fut,1,non_overlapping,2804,138,0.0492,0.05,0.0418,0.0578,0.8484
chronos_2_lora,silver_fut,5,overlapping,2804,172,0.0613,0.05,0.053,0.0708,0.0077
chronos_2_lora,silver_fut,5,non_overlapping,561,37,0.066,0.05,0.0483,0.0896,0.0976
chronos_2_lora,silver_fut,22,overlapping,2804,107,0.0382,0.05,0.0317,0.0459,0.0027
chronos_2_lora,silver_fut,22,non_overlapping,128,6,0.0469,0.05,0.0217,0.0985,0.8698
chronos_2_lora,copper_fut,1,overlapping,2805,108,0.0385,0.05,0.032,0.0463,0.0037
chronos_2_lora,copper_fut,1,non_overlapping,2805,108,0.0385,0.05,0.032,0.0463,0.0037
chronos_2_lora,copper_fut,5,overlapping,2805,137,0.0488,0.05,0.0414,0.0574,0.7775
chronos_2_lora,copper_fut,5,non_overlapping,561,25,0.0446,0.05,0.0304,0.065,0.5475
chronos_2_lora,copper_fut,22,overlapping,2805,170,0.0606,0.05,0.0524,0.07,0.0125
chronos_2_lora,copper_fut,22,non_overlapping,128,9,0.0703,0.05,0.0374,0.1282,0.3191
chronos_2_lora,platinum_fut,1,overlapping,2803,141,0.0503,0.05,0.0428,0.059,0.9413
chronos_2_lora,platinum_fut,1,non_overlapping,2803,141,0.0503,0.05,0.0428,0.059,0.9413
chronos_2_lora,platinum_fut,5,overlapping,2803,172,0.0614,0.05,0.0531,0.0709,0.0076
chronos_2_lora,platinum_fut,5,non_overlapping,561,29,0.0517,0.05,0.0362,0.0733,0.8547
chronos_2_lora,platinum_fut,22,overlapping,2803,144,0.0514,0.05,0.0438,0.0602,0.7397
chronos_2_lora,platinum_fut,22,non_overlapping,128,7,0.0547,0.05,0.0267,0.1086,0.8104
chronos_2_lora,corn_fut,1,overlapping,2802,139,0.0496,0.05,0.0422,0.0583,0.9239
chronos_2_lora,corn_fut,1,non_overlapping,2802,139,0.0496,0.05,0.0422,0.0583,0.9239
chronos_2_lora,corn_fut,5,overlapping,2802,184,0.0657,0.05,0.0571,0.0755,0.0003
chronos_2_lora,corn_fut,5,non_overlapping,561,34,0.0606,0.05,0.0437,0.0835,0.2639
chronos_2_lora,corn_fut,22,overlapping,2802,198,0.0707,0.05,0.0618,0.0808,0.0
chronos_2_lora,corn_fut,22,non_overlapping,128,8,0.0625,0.05,0.032,0.1185,0.5315
chronos_2_lora,wheat_fut,1,overlapping,2804,107,0.0382,0.05,0.0317,0.0459,0.0027
chronos_2_lora,wheat_fut,1,non_overlapping,2804,107,0.0382,0.05,0.0317,0.0459,0.0027
chronos_2_lora,wheat_fut,5,overlapping,2804,139,0.0496,0.05,0.0422,0.0583,0.9171
chronos_2_lora,wheat_fut,5,non_overlapping,561,24,0.0428,0.05,0.0289,0.0629,0.4216
chronos_2_lora,wheat_fut,22,overlapping,2804,115,0.041,0.05,0.0343,0.049,0.0244
chronos_2_lora,wheat_fut,22,non_overlapping,128,3,0.0234,0.05,0.008,0.0666,0.1254
chronos_2_lora,soybean_fut,1,overlapping,2804,122,0.0435,0.05,0.0366,0.0517,0.1071
chronos_2_lora,soybean_fut,1,non_overlapping,2804,122,0.0435,0.05,0.0366,0.0517,0.1071
chronos_2_lora,soybean_fut,5,overlapping,2804,164,0.0585,0.05,0.0504,0.0678,0.0444
chronos_2_lora,soybean_fut,5,non_overlapping,561,39,0.0695,0.05,0.0513,0.0936,0.0446
chronos_2_lora,soybean_fut,22,overlapping,2804,123,0.0439,0.05,0.0369,0.0521,0.1283
chronos_2_lora,soybean_fut,22,non_overlapping,128,4,0.0312,0.05,0.0122,0.0775,0.2971
chronos_2_full,wti_fut,1,overlapping,2805,255,0.0909,0.05,0.0808,0.1021,0.0
chronos_2_full,wti_fut,1,non_overlapping,2805,255,0.0909,0.05,0.0808,0.1021,0.0
chronos_2_full,wti_fut,5,overlapping,2805,276,0.0984,0.05,0.0879,0.11,0.0
chronos_2_full,wti_fut,5,non_overlapping,561,54,0.0963,0.05,0.0746,0.1235,0.0
chronos_2_full,wti_fut,22,overlapping,2805,241,0.0859,0.05,0.0761,0.0968,0.0
chronos_2_full,wti_fut,22,non_overlapping,128,15,0.1172,0.05,0.0723,0.1844,0.0027
chronos_2_full,brent_fut,1,overlapping,2806,293,0.1044,0.05,0.0936,0.1163,0.0
chronos_2_full,brent_fut,1,non_overlapping,2806,293,0.1044,0.05,0.0936,0.1163,0.0
chronos_2_full,brent_fut,5,overlapping,2806,319,0.1137,0.05,0.1025,0.126,0.0
chronos_2_full,brent_fut,5,non_overlapping,562,62,0.1103,0.05,0.087,0.1389,0.0
chronos_2_full,brent_fut,22,overlapping,2806,268,0.0955,0.05,0.0852,0.1069,0.0
chronos_2_full,brent_fut,22,non_overlapping,128,14,0.1094,0.05,0.0663,0.1753,0.0073
chronos_2_full,natgas_fut,1,overlapping,2806,316,0.1126,0.05,0.1014,0.1248,0.0
chronos_2_full,natgas_fut,1,non_overlapping,2806,316,0.1126,0.05,0.1014,0.1248,0.0
chronos_2_full,natgas_fut,5,overlapping,2806,299,0.1066,0.05,0.0957,0.1186,0.0
chronos_2_full,natgas_fut,5,non_overlapping,562,62,0.1103,0.05,0.087,0.1389,0.0
chronos_2_full,natgas_fut,22,overlapping,2806,271,0.0966,0.05,0.0862,0.1081,0.0
chronos_2_full,natgas_fut,22,non_overlapping,128,14,0.1094,0.05,0.0663,0.1753,0.0073
chronos_2_full,gold_fut,1,overlapping,2804,157,0.056,0.05,0.0481,0.0651,0.1529
chronos_2_full,gold_fut,1,non_overlapping,2804,157,0.056,0.05,0.0481,0.0651,0.1529
chronos_2_full,gold_fut,5,overlapping,2804,174,0.0621,0.05,0.0538,0.0716,0.0047
chronos_2_full,gold_fut,5,non_overlapping,561,36,0.0642,0.05,0.0467,0.0876,0.1393
chronos_2_full,gold_fut,22,overlapping,2804,140,0.0499,0.05,0.0424,0.0586,0.9862
chronos_2_full,gold_fut,22,non_overlapping,128,7,0.0547,0.05,0.0267,0.1086,0.8104
chronos_2_full,silver_fut,1,overlapping,2804,205,0.0731,0.05,0.064,0.0833,0.0
chronos_2_full,silver_fut,1,non_overlapping,2804,205,0.0731,0.05,0.064,0.0833,0.0
chronos_2_full,silver_fut,5,overlapping,2804,233,0.0831,0.05,0.0734,0.0939,0.0
chronos_2_full,silver_fut,5,non_overlapping,561,49,0.0873,0.05,0.0667,0.1136,0.0002
chronos_2_full,silver_fut,22,overlapping,2804,160,0.0571,0.05,0.0491,0.0663,0.0931
chronos_2_full,silver_fut,22,non_overlapping,128,7,0.0547,0.05,0.0267,0.1086,0.8104
chronos_2_full,copper_fut,1,overlapping,2805,200,0.0713,0.05,0.0624,0.0814,0.0
chronos_2_full,copper_fut,1,non_overlapping,2805,200,0.0713,0.05,0.0624,0.0814,0.0
chronos_2_full,copper_fut,5,overlapping,2805,208,0.0742,0.05,0.0651,0.0845,0.0
chronos_2_full,copper_fut,5,non_overlapping,561,40,0.0713,0.05,0.0528,0.0956,0.0291
chronos_2_full,copper_fut,22,overlapping,2805,251,0.0895,0.05,0.0795,0.1006,0.0
chronos_2_full,copper_fut,22,non_overlapping,128,13,0.1016,0.05,0.0603,0.1661,0.0181
chronos_2_full,platinum_fut,1,overlapping,2803,252,0.0899,0.05,0.0799,0.1011,0.0
chronos_2_full,platinum_fut,1,non_overlapping,2803,252,0.0899,0.05,0.0799,0.1011,0.0
chronos_2_full,platinum_fut,5,overlapping,2803,275,0.0981,0.05,0.0876,0.1097,0.0
chronos_2_full,platinum_fut,5,non_overlapping,561,54,0.0963,0.05,0.0746,0.1235,0.0
chronos_2_full,platinum_fut,22,overlapping,2803,255,0.091,0.05,0.0809,0.1022,0.0
chronos_2_full,platinum_fut,22,non_overlapping,128,10,0.0781,0.05,0.043,0.1378,0.1757
chronos_2_full,corn_fut,1,overlapping,2802,285,0.1017,0.05,0.091,0.1134,0.0
chronos_2_full,corn_fut,1,non_overlapping,2802,285,0.1017,0.05,0.091,0.1134,0.0
chronos_2_full,corn_fut,5,overlapping,2802,275,0.0981,0.05,0.0876,0.1097,0.0
chronos_2_full,corn_fut,5,non_overlapping,561,55,0.098,0.05,0.0761,0.1254,0.0
chronos_2_full,corn_fut,22,overlapping,2802,296,0.1056,0.05,0.0948,0.1175,0.0
chronos_2_full,corn_fut,22,non_overlapping,128,12,0.0938,0.05,0.0545,0.1568,0.0417
chronos_2_full,wheat_fut,1,overlapping,2804,201,0.0717,0.05,0.0627,0.0818,0.0
chronos_2_full,wheat_fut,1,non_overlapping,2804,201,0.0717,0.05,0.0627,0.0818,0.0
chronos_2_full,wheat_fut,5,overlapping,2804,202,0.072,0.05,0.063,0.0822,0.0
chronos_2_full,wheat_fut,5,non_overlapping,561,31,0.0553,0.05,0.0392,0.0774,0.5739
chronos_2_full,wheat_fut,22,overlapping,2804,174,0.0621,0.05,0.0538,0.0716,0.0047
chronos_2_full,wheat_fut,22,non_overlapping,128,8,0.0625,0.05,0.032,0.1185,0.5315
chronos_2_full,soybean_fut,1,overlapping,2804,273,0.0974,0.05,0.087,0.1089,0.0
chronos_2_full,soybean_fut,1,non_overlapping,2804,273,0.0974,0.05,0.087,0.1089,0.0
chronos_2_full,soybean_fut,5,overlapping,2804,266,0.0949,0.05,0.0846,0.1063,0.0
chronos_2_full,soybean_fut,5,non_overlapping,561,55,0.098,0.05,0.0761,0.1254,0.0
chronos_2_full,soybean_fut,22,overlapping,2804,232,0.0827,0.05,0.0731,0.0935,0.0
chronos_2_full,soybean_fut,22,non_overlapping,128,12,0.0938,0.05,0.0545,0.1568,0.0417
moirai2_small,wti_fut,1,overlapping,2805,136,0.0485,0.05,0.0411,0.0571,0.7114
moirai2_small,wti_fut,1,non_overlapping,2805,136,0.0485,0.05,0.0411,0.0571,0.7114
moirai2_small,wti_fut,5,overlapping,2805,163,0.0581,0.05,0.05,0.0674,0.0544
moirai2_small,wti_fut,5,non_overlapping,561,33,0.0588,0.05,0.0422,0.0814,0.3503
moirai2_small,wti_fut,22,overlapping,2805,205,0.0731,0.05,0.064,0.0833,0.0
moirai2_small,wti_fut,22,non_overlapping,128,9,0.0703,0.05,0.0374,0.1282,0.3191
moirai2_small,brent_fut,1,overlapping,2806,152,0.0542,0.05,0.0464,0.0632,0.317
moirai2_small,brent_fut,1,non_overlapping,2806,152,0.0542,0.05,0.0464,0.0632,0.317
moirai2_small,brent_fut,5,overlapping,2806,169,0.0602,0.05,0.052,0.0696,0.0159
moirai2_small,brent_fut,5,non_overlapping,562,31,0.0552,0.05,0.0392,0.0773,0.5806
moirai2_small,brent_fut,22,overlapping,2806,184,0.0656,0.05,0.057,0.0754,0.0003
moirai2_small,brent_fut,22,non_overlapping,128,8,0.0625,0.05,0.032,0.1185,0.5315
moirai2_small,natgas_fut,1,overlapping,2806,149,0.0531,0.05,0.0454,0.062,0.4554
moirai2_small,natgas_fut,1,non_overlapping,2806,149,0.0531,0.05,0.0454,0.062,0.4554
moirai2_small,natgas_fut,5,overlapping,2806,169,0.0602,0.05,0.052,0.0696,0.0159
moirai2_small,natgas_fut,5,non_overlapping,562,35,0.0623,0.05,0.0451,0.0854,0.1976
moirai2_small,natgas_fut,22,overlapping,2806,191,0.0681,0.05,0.0594,0.078,0.0
moirai2_small,natgas_fut,22,non_overlapping,128,14,0.1094,0.05,0.0663,0.1753,0.0073
moirai2_small,gold_fut,1,overlapping,2804,149,0.0531,0.05,0.0454,0.062,0.4502
moirai2_small,gold_fut,1,non_overlapping,2804,149,0.0531,0.05,0.0454,0.062,0.4502
moirai2_small,gold_fut,5,overlapping,2804,113,0.0403,0.05,0.0336,0.0482,0.0149
moirai2_small,gold_fut,5,non_overlapping,561,22,0.0392,0.05,0.026,0.0586,0.224
moirai2_small,gold_fut,22,overlapping,2804,60,0.0214,0.05,0.0167,0.0274,0.0
moirai2_small,gold_fut,22,non_overlapping,128,6,0.0469,0.05,0.0217,0.0985,0.8698
moirai2_small,silver_fut,1,overlapping,2804,144,0.0514,0.05,0.0438,0.0602,0.743
moirai2_small,silver_fut,1,non_overlapping,2804,144,0.0514,0.05,0.0438,0.0602,0.743
moirai2_small,silver_fut,5,overlapping,2804,126,0.0449,0.05,0.0378,0.0532,0.2109
moirai2_small,silver_fut,5,non_overlapping,561,29,0.0517,0.05,0.0362,0.0733,0.8547
moirai2_small,silver_fut,22,overlapping,2804,56,0.02,0.05,0.0154,0.0259,0.0
moirai2_small,silver_fut,22,non_overlapping,128,4,0.0312,0.05,0.0122,0.0775,0.2971
moirai2_small,copper_fut,1,overlapping,2805,130,0.0463,0.05,0.0391,0.0547,0.3689
moirai2_small,copper_fut,1,non_overlapping,2805,130,0.0463,0.05,0.0391,0.0547,0.3689
moirai2_small,copper_fut,5,overlapping,2805,137,0.0488,0.05,0.0414,0.0574,0.7775
moirai2_small,copper_fut,5,non_overlapping,561,25,0.0446,0.05,0.0304,0.065,0.5475
moirai2_small,copper_fut,22,overlapping,2805,207,0.0738,0.05,0.0647,0.0841,0.0
moirai2_small,copper_fut,22,non_overlapping,128,8,0.0625,0.05,0.032,0.1185,0.5315
moirai2_small,platinum_fut,1,overlapping,2803,103,0.0367,0.05,0.0303,0.0443,0.0007
moirai2_small,platinum_fut,1,non_overlapping,2803,103,0.0367,0.05,0.0303,0.0443,0.0007
moirai2_small,platinum_fut,5,overlapping,2803,131,0.0467,0.05,0.0395,0.0552,0.4229
moirai2_small,platinum_fut,5,non_overlapping,561,23,0.041,0.05,0.0275,0.0608,0.3132
moirai2_small,platinum_fut,22,overlapping,2803,141,0.0503,0.05,0.0428,0.059,0.9413
moirai2_small,platinum_fut,22,non_overlapping,128,4,0.0312,0.05,0.0122,0.0775,0.2971
moirai2_small,corn_fut,1,overlapping,2802,122,0.0435,0.05,0.0366,0.0517,0.109
moirai2_small,corn_fut,1,non_overlapping,2802,122,0.0435,0.05,0.0366,0.0517,0.109
moirai2_small,corn_fut,5,overlapping,2802,151,0.0539,0.05,0.0461,0.0629,0.3505
moirai2_small,corn_fut,5,non_overlapping,561,27,0.0481,0.05,0.0333,0.0691,0.8379
moirai2_small,corn_fut,22,overlapping,2802,207,0.0739,0.05,0.0648,0.0842,0.0
moirai2_small,corn_fut,22,non_overlapping,128,10,0.0781,0.05,0.043,0.1378,0.1757
moirai2_small,wheat_fut,1,overlapping,2804,94,0.0335,0.05,0.0275,0.0408,0.0
moirai2_small,wheat_fut,1,non_overlapping,2804,94,0.0335,0.05,0.0275,0.0408,0.0
moirai2_small,wheat_fut,5,overlapping,2804,120,0.0428,0.05,0.0359,0.0509,0.073
moirai2_small,wheat_fut,5,non_overlapping,561,23,0.041,0.05,0.0275,0.0608,0.3132
moirai2_small,wheat_fut,22,overlapping,2804,121,0.0432,0.05,0.0363,0.0514,0.0888
moirai2_small,wheat_fut,22,non_overlapping,128,4,0.0312,0.05,0.0122,0.0775,0.2971
moirai2_small,soybean_fut,1,overlapping,2804,114,0.0407,0.05,0.034,0.0487,0.0191
moirai2_small,soybean_fut,1,non_overlapping,2804,114,0.0407,0.05,0.034,0.0487,0.0191
moirai2_small,soybean_fut,5,overlapping,2804,127,0.0453,0.05,0.0382,0.0536,0.2454
moirai2_small,soybean_fut,5,non_overlapping,561,22,0.0392,0.05,0.026,0.0586,0.224
moirai2_small,soybean_fut,22,overlapping,2804,153,0.0546,0.05,0.0468,0.0636,0.2741
moirai2_small,soybean_fut,22,non_overlapping,128,6,0.0469,0.05,0.0217,0.0985,0.8698
