model,series,h,regime,n,mspe_ratio,rmae,sr,pt_p,dm_p
ar5_returns,wti_fut,1,ALL,2805,1.2649,1.2188,0.499,0.394,0.997
ar5_returns,wti_fut,1,calm,2539,1.5519,1.2113,0.496,0.528,1.0
ar5_returns,wti_fut,1,covid,135,0.8649,1.1038,0.533,0.121,0.229
ar5_returns,wti_fut,1,ukraine,131,1.834,1.3515,0.511,0.382,1.0
ar5_returns,wti_fut,5,ALL,2805,0.9914,1.0189,0.496,0.749,0.401
ar5_returns,wti_fut,5,calm,2539,1.0426,1.024,0.495,0.786,0.995
ar5_returns,wti_fut,5,covid,135,0.9008,1.0252,0.437,0.907,0.234
ar5_returns,wti_fut,5,ukraine,131,0.9604,0.9789,0.573,0.052,0.159
ar5_returns,wti_fut,22,ALL,2805,1.0033,1.0123,0.494,0.983,0.58
ar5_returns,wti_fut,22,calm,2539,1.0196,1.0118,0.506,0.8,0.967
ar5_returns,wti_fut,22,covid,135,0.9585,1.0183,0.244,1.0,0.228
ar5_returns,wti_fut,22,ukraine,131,1.0019,1.0101,0.519,0.331,0.512
ar5_returns,brent_fut,1,ALL,2806,1.0058,1.0028,0.503,0.279,0.956
ar5_returns,brent_fut,1,calm,2540,1.0037,1.002,0.504,0.235,0.868
ar5_returns,brent_fut,1,covid,135,1.028,0.9995,0.548,0.145,0.907
ar5_returns,brent_fut,1,ukraine,131,1.0055,1.0093,0.435,0.943,0.756
ar5_returns,brent_fut,5,ALL,2806,1.0121,1.0044,0.476,0.986,0.993
ar5_returns,brent_fut,5,calm,2540,1.0061,1.0023,0.483,0.901,0.999
ar5_returns,brent_fut,5,covid,135,1.0009,1.0074,0.4,0.989,0.546
ar5_returns,brent_fut,5,ukraine,131,1.0306,1.0175,0.412,0.975,0.966
ar5_returns,brent_fut,22,ALL,2806,1.0098,1.0055,0.427,1.0,0.989
ar5_returns,brent_fut,22,calm,2540,1.0099,1.0051,0.424,1.0,0.998
ar5_returns,brent_fut,22,covid,135,0.9979,1.0031,0.407,0.713,0.413
ar5_returns,brent_fut,22,ukraine,131,1.0198,1.0109,0.504,0.425,0.873
ar5_returns,natgas_fut,1,ALL,2806,0.9899,0.9971,0.525,0.003,0.095
ar5_returns,natgas_fut,1,calm,2540,0.9885,0.9984,0.525,0.005,0.101
ar5_returns,natgas_fut,1,covid,135,1.0043,1.0015,0.511,0.344,0.64
ar5_returns,natgas_fut,1,ukraine,131,0.9951,0.9874,0.534,0.171,0.365
ar5_returns,natgas_fut,5,ALL,2806,0.9875,1.0004,0.498,0.516,0.137
ar5_returns,natgas_fut,5,calm,2540,0.982,1.0002,0.495,0.656,0.089
ar5_returns,natgas_fut,5,covid,135,0.9914,0.9928,0.563,0.025,0.271
ar5_returns,natgas_fut,5,ukraine,131,1.0089,1.0037,0.481,0.464,0.658
ar5_returns,natgas_fut,22,ALL,2806,0.9998,1.0005,0.49,0.723,0.483
ar5_returns,natgas_fut,22,calm,2540,0.9997,1.0005,0.49,0.933,0.483
ar5_returns,natgas_fut,22,covid,135,1.0117,0.9952,0.526,0.084,0.643
ar5_returns,natgas_fut,22,ukraine,131,0.9996,1.0017,0.458,0.602,0.477
ar5_returns,gold_fut,1,ALL,2804,0.9964,0.997,0.527,0.722,0.136
ar5_returns,gold_fut,1,calm,2538,0.996,0.9971,0.526,0.781,0.132
ar5_returns,gold_fut,1,covid,135,0.9998,0.9944,0.593,0.118,0.488
ar5_returns,gold_fut,1,ukraine,131,1.0024,1.0,0.481,0.775,0.624
ar5_returns,gold_fut,5,ALL,2804,0.9753,0.9882,0.559,,0.01
ar5_returns,gold_fut,5,calm,2538,0.9724,0.9868,0.561,,0.008
ar5_returns,gold_fut,5,covid,135,0.9919,0.9866,0.652,,0.328
ar5_returns,gold_fut,5,ukraine,131,1.0368,1.0188,0.427,,0.855
ar5_returns,gold_fut,22,ALL,2804,0.8787,0.9693,0.578,,0.014
ar5_returns,gold_fut,22,calm,2538,0.8732,0.9689,0.574,,0.017
ar5_returns,gold_fut,22,covid,135,0.8483,0.9133,0.8,,0.024
ar5_returns,gold_fut,22,ukraine,131,1.0946,1.0443,0.427,,0.752
ar5_returns,silver_fut,1,ALL,2804,1.0026,1.0014,0.506,0.539,0.636
ar5_returns,silver_fut,1,calm,2538,1.003,1.0018,0.503,0.702,0.65
ar5_returns,silver_fut,1,covid,135,0.9883,0.996,0.556,0.151,0.11
ar5_returns,silver_fut,1,ukraine,131,0.9939,1.0,0.511,0.268,0.232
ar5_returns,silver_fut,5,ALL,2804,0.9931,0.9981,0.531,0.532,0.029
ar5_returns,silver_fut,5,calm,2538,0.9928,0.9976,0.533,0.669,0.028
ar5_returns,silver_fut,5,covid,135,0.9955,0.9956,0.63,0.069,0.204
ar5_returns,silver_fut,5,ukraine,131,1.0199,1.0107,0.397,0.889,0.907
ar5_returns,silver_fut,22,ALL,2804,0.976,0.9953,0.535,,0.134
ar5_returns,silver_fut,22,calm,2538,0.9745,0.9947,0.532,,0.136
ar5_returns,silver_fut,22,covid,135,0.9788,0.9866,0.719,,0.222
ar5_returns,silver_fut,22,ukraine,131,1.052,1.0216,0.405,,0.819
ar5_returns,copper_fut,1,ALL,2805,0.9956,0.9975,0.498,0.559,0.161
ar5_returns,copper_fut,1,calm,2539,0.9935,0.9968,0.503,0.319,0.083
ar5_returns,copper_fut,1,covid,135,1.0048,0.9953,0.422,0.959,0.602
ar5_returns,copper_fut,1,ukraine,131,1.0219,1.0078,0.473,0.699,0.935
ar5_returns,copper_fut,5,ALL,2805,0.9993,0.9984,0.522,0.21,0.433
ar5_returns,copper_fut,5,calm,2539,0.9973,0.9977,0.523,0.125,0.255
ar5_returns,copper_fut,5,covid,135,0.9986,0.9933,0.541,0.783,0.468
ar5_returns,copper_fut,5,ukraine,131,1.0231,1.0098,0.481,0.423,0.889
ar5_returns,copper_fut,22,ALL,2805,0.9957,0.9949,0.554,0.133,0.386
ar5_returns,copper_fut,22,calm,2539,0.9874,0.9937,0.551,0.134,0.214
ar5_returns,copper_fut,22,covid,135,0.9867,0.9831,0.696,,0.393
ar5_returns,copper_fut,22,ukraine,131,1.0491,1.0128,0.458,,0.869
ar5_returns,platinum_fut,1,ALL,2803,0.9884,0.9973,0.503,0.381,0.107
ar5_returns,platinum_fut,1,calm,2537,0.9848,0.9958,0.507,0.251,0.065
ar5_returns,platinum_fut,1,covid,135,1.0436,1.0079,0.496,0.555,0.976
ar5_returns,platinum_fut,1,ukraine,131,1.0129,1.0115,0.427,0.917,0.827
ar5_returns,platinum_fut,5,ALL,2803,0.9946,1.0008,0.488,0.982,0.138
ar5_returns,platinum_fut,5,calm,2537,0.9923,0.9999,0.49,0.985,0.08
ar5_returns,platinum_fut,5,covid,135,1.0152,1.0102,0.474,0.694,0.926
ar5_returns,platinum_fut,5,ukraine,131,1.0092,1.0057,0.45,0.581,0.882
ar5_returns,platinum_fut,22,ALL,2803,0.9989,1.0068,0.504,0.989,0.459
ar5_returns,platinum_fut,22,calm,2537,0.9966,1.0066,0.511,0.867,0.386
ar5_returns,platinum_fut,22,covid,135,1.0116,1.0017,0.504,0.982,0.658
ar5_returns,platinum_fut,22,ukraine,131,1.0413,1.0208,0.374,,0.895
ar5_returns,corn_fut,1,ALL,2802,1.0014,1.0017,0.485,0.853,0.709
ar5_returns,corn_fut,1,calm,2536,1.0007,1.0017,0.484,0.842,0.618
ar5_returns,corn_fut,1,covid,135,0.9943,0.9994,0.481,0.558,0.182
ar5_returns,corn_fut,1,ukraine,131,1.0044,1.003,0.511,0.679,0.711
ar5_returns,corn_fut,5,ALL,2802,1.0031,0.9994,0.516,0.501,0.841
ar5_returns,corn_fut,5,calm,2536,1.0031,0.999,0.521,0.414,0.845
ar5_returns,corn_fut,5,covid,135,1.0059,1.0043,0.437,0.537,0.744
ar5_returns,corn_fut,5,ukraine,131,1.003,1.0007,0.511,0.838,0.62
ar5_returns,corn_fut,22,ALL,2802,1.0107,1.0015,0.534,,0.794
ar5_returns,corn_fut,22,calm,2536,1.0092,1.0013,0.54,,0.764
ar5_returns,corn_fut,22,covid,135,1.0475,1.0205,0.385,,0.857
ar5_returns,corn_fut,22,ukraine,131,1.0125,0.9978,0.573,,0.612
ar5_returns,wheat_fut,1,ALL,2804,1.004,1.002,0.476,0.872,0.894
ar5_returns,wheat_fut,1,calm,2538,1.003,1.0019,0.474,0.9,0.982
ar5_returns,wheat_fut,1,covid,135,0.9992,0.9973,0.526,0.18,0.429
ar5_returns,wheat_fut,1,ukraine,131,1.0053,1.0037,0.45,0.707,0.775
ar5_returns,wheat_fut,5,ALL,2804,1.0036,1.0014,0.49,0.343,0.868
ar5_returns,wheat_fut,5,calm,2538,1.0005,1.0011,0.495,0.2,0.581
ar5_returns,wheat_fut,5,covid,135,1.0051,1.0051,0.415,0.953,0.762
ar5_returns,wheat_fut,5,ukraine,131,1.0062,1.0018,0.473,0.666,0.863
ar5_returns,wheat_fut,22,ALL,2804,1.0103,1.0069,0.482,0.357,0.799
ar5_returns,wheat_fut,22,calm,2538,1.01,1.0067,0.487,0.52,0.837
ar5_returns,wheat_fut,22,covid,135,1.0379,1.0214,0.356,,0.883
ar5_returns,wheat_fut,22,ukraine,131,1.0098,1.0046,0.511,0.155,0.651
ar5_returns,soybean_fut,1,ALL,2804,1.0002,1.0003,0.495,0.612,0.525
ar5_returns,soybean_fut,1,calm,2538,1.003,1.0009,0.496,0.569,0.891
ar5_returns,soybean_fut,1,covid,135,1.0095,1.0082,0.444,0.872,0.875
ar5_returns,soybean_fut,1,ukraine,131,0.9912,0.9942,0.534,0.28,0.118
ar5_returns,soybean_fut,5,ALL,2804,0.9967,0.999,0.511,0.133,0.256
ar5_returns,soybean_fut,5,calm,2538,1.0032,1.0006,0.506,0.34,0.777
ar5_returns,soybean_fut,5,covid,135,0.9799,0.9933,0.585,0.013,0.129
ar5_returns,soybean_fut,5,ukraine,131,0.9763,0.9874,0.55,0.139,0.074
ar5_returns,soybean_fut,22,ALL,2804,1.0116,1.0053,0.512,0.481,0.805
ar5_returns,soybean_fut,22,calm,2538,1.0119,1.0063,0.507,0.71,0.811
ar5_returns,soybean_fut,22,covid,135,0.9933,0.9926,0.57,,0.46
ar5_returns,soybean_fut,22,ukraine,131,1.0101,0.9962,0.557,0.133,0.572
lear_lite,wti_fut,1,ALL,2805,2.0189,1.4146,0.502,0.165,1.0
lear_lite,wti_fut,1,calm,2539,1.9155,1.3233,0.503,0.163,1.0
lear_lite,wti_fut,1,covid,135,2.0743,2.2635,0.459,0.733,0.987
lear_lite,wti_fut,1,ukraine,131,2.097,1.427,0.527,0.286,1.0
lear_lite,wti_fut,5,ALL,2805,3.7139,1.1774,0.506,0.009,0.902
lear_lite,wti_fut,5,calm,2539,1.1106,1.0583,0.498,0.052,0.999
lear_lite,wti_fut,5,covid,135,12.399,2.7013,0.593,0.0,0.901
lear_lite,wti_fut,5,ukraine,131,0.9307,0.9896,0.557,0.083,0.27
lear_lite,wti_fut,22,ALL,2805,1.2741,1.0549,0.472,0.931,0.871
lear_lite,wti_fut,22,calm,2539,1.0527,1.0328,0.463,0.991,0.992
lear_lite,wti_fut,22,covid,135,2.0946,1.282,0.607,0.0,0.845
lear_lite,wti_fut,22,ukraine,131,1.0202,1.0199,0.511,0.375,0.554
lear_lite,brent_fut,1,ALL,2806,1.0273,1.0166,0.501,0.3,0.999
lear_lite,brent_fut,1,calm,2540,1.0243,1.0141,0.505,0.18,1.0
lear_lite,brent_fut,1,covid,135,1.078,1.0767,0.43,0.949,0.991
lear_lite,brent_fut,1,ukraine,131,1.0224,1.0079,0.504,0.517,0.825
lear_lite,brent_fut,5,ALL,2806,1.0228,1.0099,0.479,0.952,0.988
lear_lite,brent_fut,5,calm,2540,1.0093,1.0036,0.481,0.89,0.97
lear_lite,brent_fut,5,covid,135,1.0252,1.0329,0.511,0.317,0.772
lear_lite,brent_fut,5,ukraine,131,1.0545,1.0403,0.412,0.991,0.954
lear_lite,brent_fut,22,ALL,2806,1.023,1.0222,0.443,1.0,0.827
lear_lite,brent_fut,22,calm,2540,1.0377,1.0295,0.424,1.0,0.908
lear_lite,brent_fut,22,covid,135,0.9716,0.9576,0.741,0.0,0.233
lear_lite,brent_fut,22,ukraine,131,1.0124,1.0142,0.496,,0.557
lear_lite,natgas_fut,1,ALL,2806,1.0013,1.0025,0.511,0.066,0.567
lear_lite,natgas_fut,1,calm,2540,0.9996,1.0041,0.509,0.124,0.481
lear_lite,natgas_fut,1,covid,135,1.0012,0.9992,0.504,,0.678
lear_lite,natgas_fut,1,ukraine,131,1.0082,0.9924,0.565,0.057,0.635
lear_lite,natgas_fut,5,ALL,2806,1.0197,1.0116,0.476,0.99,0.993
lear_lite,natgas_fut,5,calm,2540,1.0168,1.0087,0.479,0.986,0.995
lear_lite,natgas_fut,5,covid,135,1.0232,1.0199,0.467,0.638,0.763
lear_lite,natgas_fut,5,ukraine,131,1.0309,1.0284,0.443,0.96,0.849
lear_lite,natgas_fut,22,ALL,2806,1.0611,1.0195,0.48,0.97,0.96
lear_lite,natgas_fut,22,calm,2540,1.0592,1.017,0.478,0.991,0.928
lear_lite,natgas_fut,22,covid,135,1.0719,1.0077,0.533,0.187,0.703
lear_lite,natgas_fut,22,ukraine,131,1.0658,1.0342,0.45,1.0,0.813
lear_lite,gold_fut,1,ALL,2804,0.9988,1.001,0.514,0.213,0.381
lear_lite,gold_fut,1,calm,2538,0.9956,0.9988,0.513,0.209,0.141
lear_lite,gold_fut,1,covid,135,1.0565,1.0307,0.459,0.996,0.998
lear_lite,gold_fut,1,ukraine,131,0.9967,0.9987,0.58,0.023,0.426
lear_lite,gold_fut,5,ALL,2804,0.9622,0.9928,0.506,0.634,0.024
lear_lite,gold_fut,5,calm,2538,0.9591,0.9922,0.508,0.52,0.024
lear_lite,gold_fut,5,covid,135,0.9939,1.0038,0.452,0.989,0.448
lear_lite,gold_fut,5,ukraine,131,0.9907,0.9868,0.527,0.077,0.439
lear_lite,gold_fut,22,ALL,2804,0.8455,0.9559,0.556,0.009,0.021
lear_lite,gold_fut,22,calm,2538,0.8344,0.9519,0.55,0.017,0.022
lear_lite,gold_fut,22,covid,135,0.9232,0.9533,0.8,,0.028
lear_lite,gold_fut,22,ukraine,131,1.0642,1.0338,0.427,,0.722
lear_lite,silver_fut,1,ALL,2804,1.0247,1.014,0.496,0.649,0.915
lear_lite,silver_fut,1,calm,2538,1.0248,1.0138,0.506,0.248,0.91
lear_lite,silver_fut,1,covid,135,1.0253,1.0251,0.393,0.992,0.813
lear_lite,silver_fut,1,ukraine,131,1.0096,1.0022,0.405,0.972,0.8
lear_lite,silver_fut,5,ALL,2804,0.9969,1.0019,0.498,0.484,0.419
lear_lite,silver_fut,5,calm,2538,0.9945,0.9998,0.499,0.421,0.36
lear_lite,silver_fut,5,covid,135,1.074,1.0249,0.496,0.006,0.911
lear_lite,silver_fut,5,ukraine,131,1.0113,1.0117,0.473,0.198,0.699
lear_lite,silver_fut,22,ALL,2804,0.9633,0.9927,0.525,0.014,0.193
lear_lite,silver_fut,22,calm,2538,0.9564,0.9862,0.541,0.0,0.169
lear_lite,silver_fut,22,covid,135,1.0577,1.0485,0.326,0.058,0.864
lear_lite,silver_fut,22,ukraine,131,1.0382,1.0187,0.405,,0.767
lear_lite,copper_fut,1,ALL,2805,1.0039,1.0018,0.489,0.769,0.918
lear_lite,copper_fut,1,calm,2539,1.0031,1.0013,0.496,0.471,0.851
lear_lite,copper_fut,1,covid,135,1.0152,1.0075,0.378,0.994,0.92
lear_lite,copper_fut,1,ukraine,131,1.0107,1.0042,0.473,0.673,0.955
lear_lite,copper_fut,5,ALL,2805,1.0029,1.0017,0.498,0.689,0.707
lear_lite,copper_fut,5,calm,2539,1.0003,1.0007,0.506,0.375,0.523
lear_lite,copper_fut,5,covid,135,1.0092,1.0076,0.385,,0.891
lear_lite,copper_fut,5,ukraine,131,1.0307,1.0111,0.466,,0.899
lear_lite,copper_fut,22,ALL,2805,1.0122,1.0027,0.504,0.462,0.707
lear_lite,copper_fut,22,calm,2539,0.9978,0.9985,0.517,0.082,0.461
lear_lite,copper_fut,22,covid,135,1.0325,1.0252,0.304,,0.779
lear_lite,copper_fut,22,ukraine,131,1.0957,1.0314,0.458,,0.886
lear_lite,platinum_fut,1,ALL,2803,1.0239,1.0108,0.491,0.632,0.984
lear_lite,platinum_fut,1,calm,2537,1.0267,1.0115,0.489,0.656,0.987
lear_lite,platinum_fut,1,covid,135,0.9857,1.0054,0.526,0.175,0.307
lear_lite,platinum_fut,1,ukraine,131,0.9976,1.0039,0.489,0.596,0.471
lear_lite,platinum_fut,5,ALL,2803,1.0118,1.0076,0.521,0.004,0.767
lear_lite,platinum_fut,5,calm,2537,1.0173,1.0103,0.519,0.004,0.835
lear_lite,platinum_fut,5,covid,135,0.9756,0.9926,0.519,0.354,0.233
lear_lite,platinum_fut,5,ukraine,131,0.9485,0.98,0.565,0.057,0.224
lear_lite,platinum_fut,22,ALL,2803,0.9995,1.0047,0.516,0.018,0.49
lear_lite,platinum_fut,22,calm,2537,1.0,1.0062,0.523,0.002,0.499
lear_lite,platinum_fut,22,covid,135,0.9933,0.9888,0.43,0.945,0.44
lear_lite,platinum_fut,22,ukraine,131,1.0007,1.002,0.466,0.905,0.53
lear_lite,corn_fut,1,ALL,2802,1.0048,1.0028,0.49,0.567,0.978
lear_lite,corn_fut,1,calm,2536,1.0046,1.0031,0.485,0.692,0.978
lear_lite,corn_fut,1,covid,135,1.0039,1.0004,0.496,0.59,0.736
lear_lite,corn_fut,1,ukraine,131,1.0053,1.001,0.565,0.553,0.757
lear_lite,corn_fut,5,ALL,2802,1.0079,1.0023,0.515,0.066,0.926
lear_lite,corn_fut,5,calm,2536,1.0086,1.0028,0.511,0.18,0.958
lear_lite,corn_fut,5,covid,135,0.9958,0.9974,0.57,,0.334
lear_lite,corn_fut,5,ukraine,131,1.0067,1.0003,0.534,,0.644
lear_lite,corn_fut,22,ALL,2802,1.0288,1.0157,0.49,0.86,0.909
lear_lite,corn_fut,22,calm,2536,1.0287,1.0183,0.48,0.985,0.941
lear_lite,corn_fut,22,covid,135,0.9727,1.0017,0.6,0.574,0.3
lear_lite,corn_fut,22,ukraine,131,1.0335,1.0025,0.573,,0.66
lear_lite,wheat_fut,1,ALL,2804,1.0052,1.0046,0.468,0.996,0.997
lear_lite,wheat_fut,1,calm,2538,1.005,1.0046,0.467,0.996,0.988
lear_lite,wheat_fut,1,covid,135,1.0008,0.9995,0.548,0.048,0.614
lear_lite,wheat_fut,1,ukraine,131,1.0057,1.0057,0.405,0.875,0.952
lear_lite,wheat_fut,5,ALL,2804,1.0074,1.0031,0.489,0.809,0.95
lear_lite,wheat_fut,5,calm,2538,1.0044,1.0022,0.487,0.834,0.915
lear_lite,wheat_fut,5,covid,135,0.999,0.9976,0.556,,0.439
lear_lite,wheat_fut,5,ukraine,131,1.0103,1.0086,0.45,0.943,0.903
lear_lite,wheat_fut,22,ALL,2804,1.0315,1.0228,0.507,0.206,0.668
lear_lite,wheat_fut,22,calm,2538,1.0107,1.0112,0.497,0.569,0.621
lear_lite,wheat_fut,22,covid,135,0.7935,0.8962,0.681,0.0,0.049
lear_lite,wheat_fut,22,ukraine,131,1.0567,1.0981,0.511,0.402,0.635
lear_lite,soybean_fut,1,ALL,2804,1.0069,1.0036,0.5,0.221,0.98
lear_lite,soybean_fut,1,calm,2538,1.0068,1.0034,0.503,0.155,0.948
lear_lite,soybean_fut,1,covid,135,1.0043,1.0027,0.489,0.493,0.706
lear_lite,soybean_fut,1,ukraine,131,1.0074,1.0054,0.45,0.928,0.911
lear_lite,soybean_fut,5,ALL,2804,1.0076,1.0027,0.49,0.769,0.916
lear_lite,soybean_fut,5,calm,2538,1.0083,1.0029,0.489,0.789,0.901
lear_lite,soybean_fut,5,covid,135,1.0105,1.0093,0.481,,0.678
lear_lite,soybean_fut,5,ukraine,131,1.005,0.9991,0.519,,0.674
lear_lite,soybean_fut,22,ALL,2804,1.0213,1.0133,0.451,1.0,0.885
lear_lite,soybean_fut,22,calm,2538,1.0225,1.0137,0.447,1.0,0.909
lear_lite,soybean_fut,22,covid,135,1.0805,1.0536,0.43,,0.648
lear_lite,soybean_fut,22,ukraine,131,1.0066,0.996,0.55,,0.535
garch_t,wti_fut,1,ALL,2805,1.0028,0.9991,0.512,0.927,0.929
garch_t,wti_fut,1,calm,2539,1.0052,0.9996,0.51,0.926,0.953
garch_t,wti_fut,1,covid,135,1.0,1.0002,0.504,,0.528
garch_t,wti_fut,1,ukraine,131,1.0054,0.9948,0.542,,0.708
garch_t,wti_fut,5,ALL,2805,1.0222,1.0059,0.522,0.589,0.954
garch_t,wti_fut,5,calm,2539,1.03,1.0043,0.523,0.567,0.966
garch_t,wti_fut,5,covid,135,1.0008,0.9992,0.563,,0.757
garch_t,wti_fut,5,ukraine,131,1.0257,1.0218,0.473,,0.713
garch_t,wti_fut,22,ALL,2805,1.1171,1.0552,0.484,1.0,0.961
garch_t,wti_fut,22,calm,2539,1.1446,1.0592,0.478,1.0,0.976
garch_t,wti_fut,22,covid,135,1.0071,1.0035,0.593,,0.763
garch_t,wti_fut,22,ukraine,131,1.1592,1.0711,0.489,,0.695
garch_t,brent_fut,1,ALL,2806,1.0048,0.9991,0.509,0.458,0.922
garch_t,brent_fut,1,calm,2540,1.0052,0.9995,0.508,0.426,0.954
garch_t,brent_fut,1,covid,135,1.0002,1.0004,0.489,0.825,0.739
garch_t,brent_fut,1,ukraine,131,1.005,0.9958,0.55,,0.693
garch_t,brent_fut,5,ALL,2806,1.0254,1.0057,0.501,0.892,0.949
garch_t,brent_fut,5,calm,2540,1.0311,1.0044,0.501,0.844,0.972
garch_t,brent_fut,5,covid,135,1.0012,0.999,0.519,,0.809
garch_t,brent_fut,5,ukraine,131,1.0203,1.0184,0.473,,0.675
garch_t,brent_fut,22,ALL,2806,1.1244,1.0577,0.449,1.0,0.964
garch_t,brent_fut,22,calm,2540,1.1513,1.0617,0.446,1.0,0.982
garch_t,brent_fut,22,covid,135,1.005,1.0022,0.444,1.0,0.808
garch_t,brent_fut,22,ukraine,131,1.1271,1.0698,0.496,,0.667
garch_t,natgas_fut,1,ALL,2806,1.0006,1.0,0.506,0.203,0.808
garch_t,natgas_fut,1,calm,2540,1.0011,1.0002,0.504,0.287,0.92
garch_t,natgas_fut,1,covid,135,1.0011,0.9996,0.504,,0.71
garch_t,natgas_fut,1,ukraine,131,0.9987,0.9989,0.55,,0.257
garch_t,natgas_fut,5,ALL,2806,1.0034,1.002,0.494,0.714,0.856
garch_t,natgas_fut,5,calm,2540,1.006,1.0028,0.491,0.809,0.97
garch_t,natgas_fut,5,covid,135,1.0088,1.0025,0.452,,0.812
garch_t,natgas_fut,5,ukraine,131,0.993,0.9967,0.603,,0.239
garch_t,natgas_fut,22,ALL,2806,1.0126,1.0003,0.529,0.001,0.81
garch_t,natgas_fut,22,calm,2540,1.0257,1.0045,0.518,0.031,0.948
garch_t,natgas_fut,22,covid,135,1.0266,0.9999,0.489,,0.702
garch_t,natgas_fut,22,ukraine,131,0.9787,0.9786,0.786,,0.275
garch_t,gold_fut,1,ALL,2804,0.9924,0.9951,0.52,0.436,0.073
garch_t,gold_fut,1,calm,2538,0.9916,0.9945,0.518,0.448,0.068
garch_t,gold_fut,1,covid,135,0.9985,0.9979,0.578,,0.209
garch_t,gold_fut,1,ukraine,131,1.0107,1.0024,0.496,,0.897
garch_t,gold_fut,5,ALL,2804,0.953,0.9815,0.541,0.228,0.016
garch_t,gold_fut,5,calm,2538,0.9473,0.9783,0.541,0.196,0.014
garch_t,gold_fut,5,covid,135,0.9934,0.9932,0.652,,0.147
garch_t,gold_fut,5,ukraine,131,1.0535,1.027,0.427,,0.881
garch_t,gold_fut,22,ALL,2804,0.7821,0.9397,0.575,0.0,0.024
garch_t,gold_fut,22,calm,2538,0.7626,0.9316,0.571,0.0,0.023
garch_t,gold_fut,22,covid,135,0.935,0.9605,0.8,,0.019
garch_t,gold_fut,22,ukraine,131,1.1433,1.0675,0.427,,0.783
garch_t,silver_fut,1,ALL,2804,0.9989,0.998,0.523,0.074,0.346
garch_t,silver_fut,1,calm,2538,0.9989,0.9976,0.526,0.05,0.343
garch_t,silver_fut,1,covid,135,0.9985,0.9994,0.541,,0.155
garch_t,silver_fut,1,ukraine,131,1.007,1.0038,0.443,,0.929
garch_t,silver_fut,5,ALL,2804,0.9927,0.9951,0.542,0.001,0.289
garch_t,silver_fut,5,calm,2538,0.9922,0.9941,0.546,0.0,0.285
garch_t,silver_fut,5,covid,135,0.9941,0.9963,0.615,,0.061
garch_t,silver_fut,5,ukraine,131,1.0325,1.0156,0.405,,0.909
garch_t,silver_fut,22,ALL,2804,0.9486,0.9877,0.543,0.001,0.143
garch_t,silver_fut,22,calm,2538,0.9441,0.9848,0.541,0.002,0.14
garch_t,silver_fut,22,covid,135,0.9794,0.9872,0.719,,0.147
garch_t,silver_fut,22,ukraine,131,1.0971,1.0411,0.405,,0.835
garch_t,copper_fut,1,ALL,2805,1.0001,1.0001,0.493,0.648,0.523
garch_t,copper_fut,1,calm,2539,0.9996,0.9998,0.497,0.448,0.414
garch_t,copper_fut,1,covid,135,1.002,1.0022,0.422,,0.844
garch_t,copper_fut,1,ukraine,131,1.0062,1.0023,0.481,,0.921
garch_t,copper_fut,5,ALL,2805,1.0007,0.9997,0.494,0.73,0.535
garch_t,copper_fut,5,calm,2539,0.998,0.9985,0.501,0.438,0.403
garch_t,copper_fut,5,covid,135,1.01,1.0081,0.385,,0.841
garch_t,copper_fut,5,ukraine,131,1.0295,1.0103,0.466,,0.898
garch_t,copper_fut,22,ALL,2805,0.9993,0.9957,0.494,0.785,0.491
garch_t,copper_fut,22,calm,2539,0.9846,0.9912,0.506,0.325,0.331
garch_t,copper_fut,22,covid,135,1.0181,1.0207,0.304,,0.629
garch_t,copper_fut,22,ukraine,131,1.0852,1.0267,0.458,,0.875
garch_t,platinum_fut,1,ALL,2803,0.9996,1.0005,0.483,0.916,0.361
garch_t,platinum_fut,1,calm,2537,0.9996,1.0004,0.489,0.752,0.348
garch_t,platinum_fut,1,covid,135,0.9999,1.0018,0.459,,0.481
garch_t,platinum_fut,1,ukraine,131,1.0013,1.0007,0.389,0.995,0.966
garch_t,platinum_fut,5,ALL,2803,0.9979,0.9996,0.502,0.336,0.307
garch_t,platinum_fut,5,calm,2537,0.9975,0.9995,0.507,0.158,0.29
garch_t,platinum_fut,5,covid,135,0.9992,0.9976,0.519,,0.47
garch_t,platinum_fut,5,ukraine,131,1.0064,1.0043,0.397,0.932,0.967
garch_t,platinum_fut,22,ALL,2803,0.9909,1.0033,0.494,0.702,0.305
garch_t,platinum_fut,22,calm,2537,0.9893,1.0026,0.505,0.227,0.29
garch_t,platinum_fut,22,covid,135,1.0004,1.0076,0.444,,0.503
garch_t,platinum_fut,22,ukraine,131,1.0204,1.0106,0.321,0.999,0.875
garch_t,corn_fut,1,ALL,2802,1.0012,1.0003,0.488,0.754,0.853
garch_t,corn_fut,1,calm,2536,1.0013,1.0009,0.482,0.883,0.874
garch_t,corn_fut,1,covid,135,0.9996,0.9999,0.511,0.336,0.309
garch_t,corn_fut,1,ukraine,131,1.0012,0.9957,0.58,,0.617
garch_t,corn_fut,5,ALL,2802,1.0061,1.0004,0.482,1.0,0.852
garch_t,corn_fut,5,calm,2536,1.0072,1.0006,0.484,1.0,0.909
garch_t,corn_fut,5,covid,135,1.0001,1.0008,0.393,1.0,0.509
garch_t,corn_fut,5,ukraine,131,1.0032,0.9982,0.534,,0.566
garch_t,corn_fut,22,ALL,2802,1.0262,1.0092,0.483,1.0,0.86
garch_t,corn_fut,22,calm,2536,1.0283,1.0113,0.474,1.0,0.896
garch_t,corn_fut,22,covid,135,0.9996,1.0061,0.563,0.425,0.489
garch_t,corn_fut,22,ukraine,131,1.0216,0.9963,0.573,,0.598
garch_t,wheat_fut,1,ALL,2804,1.0005,1.0,0.5,0.789,0.857
garch_t,wheat_fut,1,calm,2538,1.0008,1.0,0.502,0.631,0.848
garch_t,wheat_fut,1,covid,135,0.9996,0.999,0.511,,0.453
garch_t,wheat_fut,1,ukraine,131,1.0001,1.0003,0.45,0.504,0.667
garch_t,wheat_fut,5,ALL,2804,1.0014,1.0004,0.506,0.365,0.77
garch_t,wheat_fut,5,calm,2538,1.0034,1.0009,0.5,0.628,0.808
garch_t,wheat_fut,5,covid,135,0.9965,0.9925,0.556,,0.423
garch_t,wheat_fut,5,ukraine,131,0.9998,1.0,0.565,0.007,0.422
garch_t,wheat_fut,22,ALL,2804,1.0071,1.0069,0.483,1.0,0.815
garch_t,wheat_fut,22,calm,2538,1.0149,1.0107,0.48,1.0,0.818
garch_t,wheat_fut,22,covid,135,0.9423,0.9542,0.644,,0.19
garch_t,wheat_fut,22,ukraine,131,1.0017,1.0011,0.374,1.0,0.696
garch_t,soybean_fut,1,ALL,2804,1.0013,1.0005,0.5,0.688,0.921
garch_t,soybean_fut,1,calm,2538,1.0013,1.0007,0.498,0.795,0.895
garch_t,soybean_fut,1,covid,135,1.0019,0.9999,0.489,,0.714
garch_t,soybean_fut,1,ukraine,131,1.0013,0.9992,0.534,,0.728
garch_t,soybean_fut,5,ALL,2804,1.0075,1.0031,0.498,0.848,0.958
garch_t,soybean_fut,5,calm,2538,1.0086,1.0035,0.497,0.889,0.956
garch_t,soybean_fut,5,covid,135,1.0067,1.006,0.481,,0.719
garch_t,soybean_fut,5,ukraine,131,1.0039,0.999,0.519,,0.669
garch_t,soybean_fut,22,ALL,2804,1.034,1.0185,0.49,0.999,0.947
garch_t,soybean_fut,22,calm,2538,1.0379,1.0201,0.49,0.998,0.963
garch_t,soybean_fut,22,covid,135,1.0502,1.0344,0.43,,0.659
garch_t,soybean_fut,22,ukraine,131,0.9986,0.9929,0.55,,0.492
qr_ar,wti_fut,1,ALL,2805,0.8826,0.9973,0.524,0.045,0.19
qr_ar,wti_fut,1,calm,2539,1.0082,0.9998,0.526,0.04,0.924
qr_ar,wti_fut,1,covid,135,0.7444,0.9685,0.511,0.274,0.18
qr_ar,wti_fut,1,ukraine,131,1.014,1.0009,0.496,0.874,0.757
qr_ar,wti_fut,5,ALL,2805,1.123,1.0159,0.508,0.707,0.938
qr_ar,wti_fut,5,calm,2539,1.0183,1.0028,0.514,0.452,0.959
qr_ar,wti_fut,5,covid,135,1.4272,1.1194,0.43,0.931,0.901
qr_ar,wti_fut,5,ukraine,131,1.0594,1.0384,0.466,0.719,0.911
qr_ar,wti_fut,22,ALL,2805,1.1753,1.0288,0.482,1.0,0.932
qr_ar,wti_fut,22,calm,2539,1.0732,1.0259,0.474,1.0,0.963
qr_ar,wti_fut,22,covid,135,1.4982,1.0207,0.622,0.005,0.847
qr_ar,wti_fut,22,ukraine,131,1.1299,1.0595,0.481,0.849,0.755
qr_ar,brent_fut,1,ALL,2806,1.0115,1.0018,0.518,0.151,0.973
qr_ar,brent_fut,1,calm,2540,1.0114,1.0023,0.519,0.129,0.972
qr_ar,brent_fut,1,covid,135,1.0314,1.0,0.533,0.235,0.864
qr_ar,brent_fut,1,ukraine,131,1.0071,0.9995,0.489,0.958,0.683
qr_ar,brent_fut,5,ALL,2806,1.0139,1.0045,0.499,0.918,0.863
qr_ar,brent_fut,5,calm,2540,1.0184,1.0031,0.503,0.855,0.92
qr_ar,brent_fut,5,covid,135,0.9997,1.0124,0.467,0.783,0.495
qr_ar,brent_fut,5,ukraine,131,1.0082,1.0096,0.466,0.719,0.591
qr_ar,brent_fut,22,ALL,2806,1.0583,1.0228,0.485,1.0,0.913
qr_ar,brent_fut,22,calm,2540,1.0593,1.0224,0.478,1.0,0.939
qr_ar,brent_fut,22,covid,135,0.99,0.9791,0.63,0.001,0.082
qr_ar,brent_fut,22,ukraine,131,1.1144,1.0618,0.473,0.962,0.723
qr_ar,natgas_fut,1,ALL,2806,1.0013,1.0004,0.51,0.114,0.569
qr_ar,natgas_fut,1,calm,2540,1.0024,1.0021,0.511,0.111,0.607
qr_ar,natgas_fut,1,covid,135,1.0076,1.0,0.496,0.472,0.655
qr_ar,natgas_fut,1,ukraine,131,0.9965,0.9894,0.504,0.42,0.403
qr_ar,natgas_fut,5,ALL,2806,0.9888,1.0036,0.502,0.355,0.21
qr_ar,natgas_fut,5,calm,2540,0.9862,1.0043,0.499,0.478,0.203
qr_ar,natgas_fut,5,covid,135,1.0112,1.0097,0.548,0.074,0.773
qr_ar,natgas_fut,5,ukraine,131,0.998,0.9979,0.519,0.476,0.465
qr_ar,natgas_fut,22,ALL,2806,1.0255,1.0076,0.519,0.014,0.956
qr_ar,natgas_fut,22,calm,2540,1.0407,1.0108,0.514,0.091,0.976
qr_ar,natgas_fut,22,covid,135,1.0599,0.9995,0.533,0.161,0.691
qr_ar,natgas_fut,22,ukraine,131,0.9857,0.9916,0.611,0.192,
qr_ar,gold_fut,1,ALL,2804,0.9937,0.9988,0.512,0.299,0.238
qr_ar,gold_fut,1,calm,2538,0.9928,0.9984,0.511,0.333,0.222
qr_ar,gold_fut,1,covid,135,1.0064,1.0008,0.526,0.293,0.672
qr_ar,gold_fut,1,ukraine,131,1.0048,1.0027,0.519,0.272,0.618
qr_ar,gold_fut,5,ALL,2804,0.9541,0.9894,0.521,0.936,0.004
qr_ar,gold_fut,5,calm,2538,0.9472,0.9854,0.524,0.875,0.003
qr_ar,gold_fut,5,covid,135,1.0051,1.0066,0.541,0.886,0.641
qr_ar,gold_fut,5,ukraine,131,1.0715,1.0416,0.45,0.327,0.902
qr_ar,gold_fut,22,ALL,2804,0.8891,0.9704,0.535,0.004,0.016
qr_ar,gold_fut,22,calm,2538,0.8809,0.9675,0.543,0.0,0.016
qr_ar,gold_fut,22,covid,135,0.9713,0.9864,0.519,0.007,0.092
qr_ar,gold_fut,22,ukraine,131,1.0117,1.0049,0.412,0.929,0.623
qr_ar,silver_fut,1,ALL,2804,1.009,1.0038,0.508,0.249,0.756
qr_ar,silver_fut,1,calm,2538,1.0096,1.0041,0.509,0.231,0.765
qr_ar,silver_fut,1,covid,135,0.9846,1.0007,0.511,0.483,0.125
qr_ar,silver_fut,1,ukraine,131,0.9966,1.0019,0.489,0.393,0.394
qr_ar,silver_fut,5,ALL,2804,0.9871,1.0015,0.504,0.4,0.152
qr_ar,silver_fut,5,calm,2538,0.9855,0.9996,0.509,0.208,0.133
qr_ar,silver_fut,5,covid,135,1.018,1.0073,0.511,0.215,0.969
qr_ar,silver_fut,5,ukraine,131,1.0552,1.0343,0.397,0.889,0.932
qr_ar,silver_fut,22,ALL,2804,0.9747,0.989,0.528,0.0,0.07
qr_ar,silver_fut,22,calm,2538,0.9697,0.984,0.538,0.0,0.044
qr_ar,silver_fut,22,covid,135,1.0644,1.0464,0.341,0.579,0.778
qr_ar,silver_fut,22,ukraine,131,0.9648,0.9839,0.527,0.368,
qr_ar,copper_fut,1,ALL,2805,1.0061,1.0034,0.5,0.357,0.854
qr_ar,copper_fut,1,calm,2539,1.0045,1.0029,0.503,0.23,0.77
qr_ar,copper_fut,1,covid,135,1.0053,1.0094,0.459,0.737,0.647
qr_ar,copper_fut,1,ukraine,131,1.027,1.0074,0.473,0.702,0.92
qr_ar,copper_fut,5,ALL,2805,1.0044,1.0039,0.496,0.654,0.727
qr_ar,copper_fut,5,calm,2539,1.0003,1.002,0.497,0.598,0.518
qr_ar,copper_fut,5,covid,135,1.0059,1.01,0.474,0.428,0.834
qr_ar,copper_fut,5,ukraine,131,1.0516,1.0232,0.504,0.231,0.885
qr_ar,copper_fut,22,ALL,2805,0.9963,0.9953,0.526,0.068,0.435
qr_ar,copper_fut,22,calm,2539,0.979,0.9903,0.537,0.004,0.188
qr_ar,copper_fut,22,covid,135,1.0719,1.0423,0.363,0.926,0.881
qr_ar,copper_fut,22,ukraine,131,1.0834,1.0189,0.473,0.197,0.869
qr_ar,platinum_fut,1,ALL,2803,0.995,0.9992,0.502,0.514,0.389
qr_ar,platinum_fut,1,calm,2537,0.9937,0.9979,0.504,0.413,0.37
qr_ar,platinum_fut,1,covid,135,1.0042,1.011,0.444,0.902,0.603
qr_ar,platinum_fut,1,ukraine,131,1.0243,1.0089,0.511,0.152,0.919
qr_ar,platinum_fut,5,ALL,2803,0.9883,0.9996,0.507,0.14,0.362
qr_ar,platinum_fut,5,calm,2537,0.99,1.001,0.508,0.103,0.393
qr_ar,platinum_fut,5,covid,135,0.9911,0.9942,0.489,0.699,0.144
qr_ar,platinum_fut,5,ukraine,131,0.9385,0.9823,0.519,0.334,0.116
qr_ar,platinum_fut,22,ALL,2803,0.9982,1.0042,0.524,0.002,0.438
qr_ar,platinum_fut,22,calm,2537,1.0,1.0055,0.526,0.001,0.499
qr_ar,platinum_fut,22,covid,135,0.991,0.999,0.481,0.332,0.435
qr_ar,platinum_fut,22,ukraine,131,0.9567,0.9879,0.527,0.367,
qr_ar,corn_fut,1,ALL,2802,1.0122,1.0038,0.485,0.842,0.972
qr_ar,corn_fut,1,calm,2536,1.0135,1.0051,0.485,0.793,0.981
qr_ar,corn_fut,1,covid,135,1.0209,1.0101,0.407,0.976,0.986
qr_ar,corn_fut,1,ukraine,131,1.0064,0.9916,0.557,0.247,0.631
qr_ar,corn_fut,5,ALL,2802,1.0163,1.0048,0.48,0.999,0.992
qr_ar,corn_fut,5,calm,2536,1.018,1.0046,0.477,1.0,0.996
qr_ar,corn_fut,5,covid,135,1.0025,1.0032,0.504,0.608,0.676
qr_ar,corn_fut,5,ukraine,131,1.0119,1.0071,0.519,0.546,0.719
qr_ar,corn_fut,22,ALL,2802,1.0328,1.0134,0.499,0.955,0.866
qr_ar,corn_fut,22,calm,2536,1.0317,1.0142,0.505,0.858,0.896
qr_ar,corn_fut,22,covid,135,1.0263,1.0156,0.348,0.988,0.891
qr_ar,corn_fut,22,ukraine,131,1.0368,1.0071,0.534,0.976,0.627
qr_ar,wheat_fut,1,ALL,2804,1.0046,1.0025,0.514,0.034,0.636
qr_ar,wheat_fut,1,calm,2538,0.9985,1.0,0.511,0.072,0.378
qr_ar,wheat_fut,1,covid,135,1.0488,1.0229,0.526,0.198,0.985
qr_ar,wheat_fut,1,ukraine,131,1.0102,1.0107,0.557,0.074,0.634
qr_ar,wheat_fut,5,ALL,2804,0.9916,0.9992,0.506,0.287,0.381
qr_ar,wheat_fut,5,calm,2538,1.0059,1.0029,0.503,0.39,0.842
qr_ar,wheat_fut,5,covid,135,1.0011,1.0023,0.533,0.297,0.524
qr_ar,wheat_fut,5,ukraine,131,0.9787,0.9811,0.542,0.145,0.348
qr_ar,wheat_fut,22,ALL,2804,0.9995,1.0079,0.512,0.155,0.496
qr_ar,wheat_fut,22,calm,2538,1.0067,1.008,0.511,0.183,0.637
qr_ar,wheat_fut,22,covid,135,0.907,0.9618,0.556,0.021,0.118
qr_ar,wheat_fut,22,ukraine,131,0.9953,1.0167,0.496,0.552,0.482
qr_ar,soybean_fut,1,ALL,2804,1.0036,1.0032,0.497,0.573,0.879
qr_ar,soybean_fut,1,calm,2538,1.0039,1.0031,0.5,0.419,0.872
qr_ar,soybean_fut,1,covid,135,1.0423,1.0251,0.4,0.984,0.999
qr_ar,soybean_fut,1,ukraine,131,1.0007,0.9987,0.527,0.458,0.539
qr_ar,soybean_fut,5,ALL,2804,0.9957,1.0,0.506,0.304,0.302
qr_ar,soybean_fut,5,calm,2538,1.0081,1.0031,0.502,0.471,0.881
qr_ar,soybean_fut,5,covid,135,0.9866,1.0014,0.533,0.211,0.136
qr_ar,soybean_fut,5,ukraine,131,0.9551,0.9746,0.557,0.106,0.052
qr_ar,soybean_fut,22,ALL,2804,1.0316,1.0189,0.478,0.999,0.922
qr_ar,soybean_fut,22,calm,2538,1.0343,1.0201,0.477,0.999,0.949
qr_ar,soybean_fut,22,covid,135,1.0369,1.0291,0.437,0.744,0.6
qr_ar,soybean_fut,22,ukraine,131,1.0066,1.0004,0.542,0.819,0.527
chronos_bolt_small,wti_fut,1,ALL,2805,1.0633,1.1146,0.499,0.669,0.737
chronos_bolt_small,wti_fut,1,calm,2539,1.2438,1.1265,0.501,0.576,1.0
chronos_bolt_small,wti_fut,1,covid,135,0.8894,1.0827,0.474,0.747,0.297
chronos_bolt_small,wti_fut,1,ukraine,131,1.1733,1.0567,0.496,0.767,0.997
chronos_bolt_small,wti_fut,5,ALL,2805,1.0653,1.0535,0.523,0.087,0.943
chronos_bolt_small,wti_fut,5,calm,2539,1.1031,1.0509,0.527,0.039,0.999
chronos_bolt_small,wti_fut,5,covid,135,0.9417,1.0363,0.496,0.802,0.347
chronos_bolt_small,wti_fut,5,ukraine,131,1.1028,1.0836,0.473,0.591,0.934
chronos_bolt_small,wti_fut,22,ALL,2805,1.0873,1.0459,0.524,0.114,0.908
chronos_bolt_small,wti_fut,22,calm,2539,1.1452,1.057,0.513,0.472,0.99
chronos_bolt_small,wti_fut,22,covid,135,0.8452,0.8849,0.763,0.0,0.062
chronos_bolt_small,wti_fut,22,ukraine,131,1.1898,1.1065,0.496,0.292,0.761
chronos_bolt_small,brent_fut,1,ALL,2806,1.2787,1.1517,0.505,0.396,1.0
chronos_bolt_small,brent_fut,1,calm,2540,1.2955,1.1521,0.506,0.305,1.0
chronos_bolt_small,brent_fut,1,covid,135,1.7046,1.3902,0.489,0.663,1.0
chronos_bolt_small,brent_fut,1,ukraine,131,1.1399,1.0503,0.489,0.824,0.996
chronos_bolt_small,brent_fut,5,ALL,2806,1.1087,1.0632,0.517,0.179,1.0
chronos_bolt_small,brent_fut,5,calm,2540,1.1326,1.0624,0.52,0.135,1.0
chronos_bolt_small,brent_fut,5,covid,135,1.0827,1.0928,0.533,0.24,0.691
chronos_bolt_small,brent_fut,5,ukraine,131,1.0601,1.0527,0.45,0.842,0.821
chronos_bolt_small,brent_fut,22,ALL,2806,1.1222,1.0616,0.54,0.001,0.947
chronos_bolt_small,brent_fut,22,calm,2540,1.1782,1.0649,0.537,0.003,0.987
chronos_bolt_small,brent_fut,22,covid,135,0.8928,1.0016,0.615,0.001,0.329
chronos_bolt_small,brent_fut,22,ukraine,131,1.1108,1.0825,0.519,0.125,0.677
chronos_bolt_small,natgas_fut,1,ALL,2806,1.1729,1.0939,0.51,0.139,0.999
chronos_bolt_small,natgas_fut,1,calm,2540,1.1863,1.101,0.509,0.165,0.997
chronos_bolt_small,natgas_fut,1,covid,135,1.2953,1.1059,0.519,0.362,0.999
chronos_bolt_small,natgas_fut,1,ukraine,131,1.1117,1.0436,0.519,0.689,0.904
chronos_bolt_small,natgas_fut,5,ALL,2806,1.1096,1.0559,0.506,0.278,0.986
chronos_bolt_small,natgas_fut,5,calm,2540,1.1297,1.0635,0.504,0.261,0.993
chronos_bolt_small,natgas_fut,5,covid,135,1.1159,1.07,0.519,0.011,0.907
chronos_bolt_small,natgas_fut,5,ukraine,131,1.0313,1.0044,0.534,0.542,0.589
chronos_bolt_small,natgas_fut,22,ALL,2806,1.2273,1.1146,0.458,1.0,0.975
chronos_bolt_small,natgas_fut,22,calm,2540,1.2772,1.1323,0.455,1.0,0.966
chronos_bolt_small,natgas_fut,22,covid,135,1.1008,1.0272,0.496,0.162,0.843
chronos_bolt_small,natgas_fut,22,ukraine,131,1.1038,1.0342,0.481,0.994,0.735
chronos_bolt_small,gold_fut,1,ALL,2804,1.2639,1.0913,0.525,0.052,0.99
chronos_bolt_small,gold_fut,1,calm,2538,1.2766,1.0956,0.524,0.074,0.988
chronos_bolt_small,gold_fut,1,covid,135,1.1201,1.0756,0.548,0.554,0.948
chronos_bolt_small,gold_fut,1,ukraine,131,1.0751,1.0333,0.519,0.334,0.914
chronos_bolt_small,gold_fut,5,ALL,2804,0.9856,0.9954,0.545,0.083,0.419
chronos_bolt_small,gold_fut,5,calm,2538,0.984,0.9958,0.548,0.065,0.418
chronos_bolt_small,gold_fut,5,covid,135,0.9987,0.9887,0.585,0.215,0.494
chronos_bolt_small,gold_fut,5,ukraine,131,1.0083,0.9988,0.435,0.793,0.547
chronos_bolt_small,gold_fut,22,ALL,2804,1.0092,1.0089,0.571,0.001,0.527
chronos_bolt_small,gold_fut,22,calm,2538,1.0183,1.0086,0.574,0.0,0.549
chronos_bolt_small,gold_fut,22,covid,135,0.8484,1.0358,0.556,0.605,0.26
chronos_bolt_small,gold_fut,22,ukraine,131,0.9809,0.9814,0.527,0.005,0.462
chronos_bolt_small,silver_fut,1,ALL,2804,1.1959,1.0714,0.508,0.399,0.871
chronos_bolt_small,silver_fut,1,calm,2538,1.1993,1.0737,0.506,0.578,0.868
chronos_bolt_small,silver_fut,1,covid,135,1.0324,1.035,0.511,0.416,0.643
chronos_bolt_small,silver_fut,1,ukraine,131,1.2013,1.0763,0.55,0.23,0.977
chronos_bolt_small,silver_fut,5,ALL,2804,0.9964,1.02,0.526,0.064,0.471
chronos_bolt_small,silver_fut,5,calm,2538,0.9964,1.0201,0.527,0.092,0.472
chronos_bolt_small,silver_fut,5,covid,135,0.9656,1.0086,0.474,0.875,0.298
chronos_bolt_small,silver_fut,5,ukraine,131,1.0897,1.036,0.565,0.071,0.836
chronos_bolt_small,silver_fut,22,ALL,2804,1.0317,1.0209,0.523,0.314,0.685
chronos_bolt_small,silver_fut,22,calm,2538,1.0315,1.0216,0.531,0.059,0.672
chronos_bolt_small,silver_fut,22,covid,135,1.0282,1.0243,0.378,1.0,0.707
chronos_bolt_small,silver_fut,22,ukraine,131,1.0534,1.0024,0.519,0.037,0.627
chronos_bolt_small,copper_fut,1,ALL,2805,1.1205,1.074,0.522,0.012,1.0
chronos_bolt_small,copper_fut,1,calm,2539,1.0944,1.0648,0.523,0.011,1.0
chronos_bolt_small,copper_fut,1,covid,135,1.0951,0.9927,0.57,0.082,0.916
chronos_bolt_small,copper_fut,1,ukraine,131,1.4839,1.2396,0.458,0.89,1.0
chronos_bolt_small,copper_fut,5,ALL,2805,1.0624,1.0347,0.522,0.076,0.995
chronos_bolt_small,copper_fut,5,calm,2539,1.0408,1.0287,0.521,0.079,0.967
chronos_bolt_small,copper_fut,5,covid,135,0.9603,0.9877,0.593,0.192,0.262
chronos_bolt_small,copper_fut,5,ukraine,131,1.344,1.1322,0.466,0.539,0.978
chronos_bolt_small,copper_fut,22,ALL,2805,0.9995,1.017,0.553,0.001,0.498
chronos_bolt_small,copper_fut,22,calm,2539,0.9547,1.0127,0.552,0.001,0.297
chronos_bolt_small,copper_fut,22,covid,135,0.9033,0.9346,0.667,0.198,0.191
chronos_bolt_small,copper_fut,22,ukraine,131,1.3011,1.1059,0.458,0.61,0.891
chronos_bolt_small,platinum_fut,1,ALL,2803,1.1817,1.0671,0.468,1.0,0.986
chronos_bolt_small,platinum_fut,1,calm,2537,1.1767,1.0588,0.471,0.998,0.976
chronos_bolt_small,platinum_fut,1,covid,135,1.2946,1.1699,0.4,0.984,1.0
chronos_bolt_small,platinum_fut,1,ukraine,131,1.1483,1.0859,0.481,0.594,0.999
chronos_bolt_small,platinum_fut,5,ALL,2803,1.0879,1.0446,0.467,1.0,0.999
chronos_bolt_small,platinum_fut,5,calm,2537,1.0863,1.0406,0.47,1.0,0.998
chronos_bolt_small,platinum_fut,5,covid,135,1.0946,1.0673,0.474,0.797,0.996
chronos_bolt_small,platinum_fut,5,ukraine,131,1.1153,1.0854,0.397,0.862,0.969
chronos_bolt_small,platinum_fut,22,ALL,2803,1.2249,1.1054,0.449,1.0,0.997
chronos_bolt_small,platinum_fut,22,calm,2537,1.2179,1.0974,0.469,1.0,0.991
chronos_bolt_small,platinum_fut,22,covid,135,1.2543,1.1487,0.163,1.0,0.999
chronos_bolt_small,platinum_fut,22,ukraine,131,1.3844,1.1925,0.366,0.947,0.948
chronos_bolt_small,corn_fut,1,ALL,2802,1.1645,1.0935,0.5,0.212,1.0
chronos_bolt_small,corn_fut,1,calm,2536,1.1641,1.0961,0.5,0.22,1.0
chronos_bolt_small,corn_fut,1,covid,135,1.3565,1.1932,0.467,0.693,1.0
chronos_bolt_small,corn_fut,1,ukraine,131,1.1506,1.0439,0.542,0.53,0.997
chronos_bolt_small,corn_fut,5,ALL,2802,1.104,1.054,0.506,0.357,0.993
chronos_bolt_small,corn_fut,5,calm,2536,1.1188,1.0542,0.507,0.362,0.992
chronos_bolt_small,corn_fut,5,covid,135,1.1342,1.0712,0.474,0.593,0.938
chronos_bolt_small,corn_fut,5,ukraine,131,1.0514,1.0468,0.534,,0.721
chronos_bolt_small,corn_fut,22,ALL,2802,1.1999,1.0936,0.511,0.552,0.99
chronos_bolt_small,corn_fut,22,calm,2536,1.2299,1.0957,0.512,0.495,0.992
chronos_bolt_small,corn_fut,22,covid,135,1.3588,1.1587,0.415,0.349,0.964
chronos_bolt_small,corn_fut,22,ukraine,131,1.0929,1.0619,0.58,0.122,0.661
chronos_bolt_small,wheat_fut,1,ALL,2804,1.1763,1.069,0.496,0.284,0.983
chronos_bolt_small,wheat_fut,1,calm,2538,1.1438,1.0687,0.498,0.234,1.0
chronos_bolt_small,wheat_fut,1,covid,135,1.1986,1.0957,0.459,0.711,1.0
chronos_bolt_small,wheat_fut,1,ukraine,131,1.2155,1.0639,0.489,0.448,0.873
chronos_bolt_small,wheat_fut,5,ALL,2804,1.0718,1.0378,0.496,0.364,0.981
chronos_bolt_small,wheat_fut,5,calm,2538,1.0755,1.0428,0.5,0.243,0.996
chronos_bolt_small,wheat_fut,5,covid,135,1.2147,1.1499,0.385,0.982,0.995
chronos_bolt_small,wheat_fut,5,ukraine,131,1.0638,0.9894,0.527,0.271,0.849
chronos_bolt_small,wheat_fut,22,ALL,2804,1.0387,1.0543,0.532,0.0,0.771
chronos_bolt_small,wheat_fut,22,calm,2538,1.1267,1.0613,0.535,0.0,0.945
chronos_bolt_small,wheat_fut,22,covid,135,1.5944,1.2399,0.363,0.467,0.963
chronos_bolt_small,wheat_fut,22,ukraine,131,0.9438,0.9874,0.634,0.001,0.217
chronos_bolt_small,soybean_fut,1,ALL,2804,1.1726,1.0912,0.493,0.672,1.0
chronos_bolt_small,soybean_fut,1,calm,2538,1.1709,1.0949,0.491,0.726,1.0
chronos_bolt_small,soybean_fut,1,covid,135,1.0829,1.0403,0.504,0.403,0.914
chronos_bolt_small,soybean_fut,1,ukraine,131,1.1827,1.0749,0.519,0.532,0.985
chronos_bolt_small,soybean_fut,5,ALL,2804,1.088,1.0444,0.494,0.734,0.996
chronos_bolt_small,soybean_fut,5,calm,2538,1.1139,1.0526,0.496,0.669,1.0
chronos_bolt_small,soybean_fut,5,covid,135,1.0589,1.0345,0.444,0.864,0.822
chronos_bolt_small,soybean_fut,5,ukraine,131,1.004,0.982,0.519,0.462,0.514
chronos_bolt_small,soybean_fut,22,ALL,2804,1.1789,1.0925,0.474,1.0,0.999
chronos_bolt_small,soybean_fut,22,calm,2538,1.1834,1.0931,0.472,1.0,0.998
chronos_bolt_small,soybean_fut,22,covid,135,1.1148,1.0918,0.452,0.467,0.73
chronos_bolt_small,soybean_fut,22,ukraine,131,1.1444,1.0848,0.542,0.819,0.837
chronos_bolt_base,wti_fut,1,ALL,2805,1.1246,1.114,0.507,0.214,1.0
chronos_bolt_base,wti_fut,1,calm,2539,1.2804,1.1293,0.506,0.232,1.0
chronos_bolt_base,wti_fut,1,covid,135,0.9945,1.0999,0.511,0.394,0.454
chronos_bolt_base,wti_fut,1,ukraine,131,1.1555,1.0201,0.519,0.492,0.912
chronos_bolt_base,wti_fut,5,ALL,2805,1.1175,1.0757,0.503,0.744,0.997
chronos_bolt_base,wti_fut,5,calm,2539,1.1643,1.0753,0.503,0.732,1.0
chronos_bolt_base,wti_fut,5,covid,135,1.0047,1.053,0.556,0.156,0.519
chronos_bolt_base,wti_fut,5,ukraine,131,1.1212,1.0939,0.45,0.834,0.834
chronos_bolt_base,wti_fut,22,ALL,2805,1.2253,1.1058,0.486,0.999,0.997
chronos_bolt_base,wti_fut,22,calm,2539,1.3047,1.1157,0.476,1.0,0.998
chronos_bolt_base,wti_fut,22,covid,135,0.9928,0.9945,0.689,0.0,0.453
chronos_bolt_base,wti_fut,22,ukraine,131,1.2364,1.1303,0.473,0.731,0.79
chronos_bolt_base,brent_fut,1,ALL,2806,1.2022,1.1121,0.517,0.024,1.0
chronos_bolt_base,brent_fut,1,calm,2540,1.2449,1.1286,0.517,0.026,1.0
chronos_bolt_base,brent_fut,1,covid,135,1.1202,1.1163,0.511,0.337,0.895
chronos_bolt_base,brent_fut,1,ukraine,131,1.1198,1.0021,0.527,0.587,0.886
chronos_bolt_base,brent_fut,5,ALL,2806,1.1104,1.0642,0.509,0.397,0.999
chronos_bolt_base,brent_fut,5,calm,2540,1.1353,1.0651,0.513,0.235,1.0
chronos_bolt_base,brent_fut,5,covid,135,1.1412,1.1173,0.43,0.946,0.88
chronos_bolt_base,brent_fut,5,ukraine,131,1.039,1.0291,0.496,0.272,0.649
chronos_bolt_base,brent_fut,22,ALL,2806,1.219,1.108,0.499,0.911,0.996
chronos_bolt_base,brent_fut,22,calm,2540,1.2905,1.1185,0.498,0.892,0.999
chronos_bolt_base,brent_fut,22,covid,135,1.0745,1.0646,0.519,0.286,0.679
chronos_bolt_base,brent_fut,22,ukraine,131,1.0743,1.0549,0.489,0.683,0.605
chronos_bolt_base,natgas_fut,1,ALL,2806,1.1459,1.0969,0.502,0.389,1.0
chronos_bolt_base,natgas_fut,1,calm,2540,1.1637,1.1077,0.502,0.423,1.0
chronos_bolt_base,natgas_fut,1,covid,135,1.1598,1.0543,0.496,0.583,0.989
chronos_bolt_base,natgas_fut,1,ukraine,131,1.0712,1.0347,0.519,0.567,0.903
chronos_bolt_base,natgas_fut,5,ALL,2806,1.1088,1.0577,0.501,0.471,0.998
chronos_bolt_base,natgas_fut,5,calm,2540,1.1168,1.0628,0.502,0.413,0.997
chronos_bolt_base,natgas_fut,5,covid,135,1.1112,1.0521,0.504,0.135,0.939
chronos_bolt_base,natgas_fut,5,ukraine,131,1.0781,1.0258,0.489,0.696,0.785
chronos_bolt_base,natgas_fut,22,ALL,2806,1.1857,1.0981,0.492,0.883,0.991
chronos_bolt_base,natgas_fut,22,calm,2540,1.2657,1.116,0.492,0.755,0.993
chronos_bolt_base,natgas_fut,22,covid,135,1.2019,1.0898,0.496,0.461,0.789
chronos_bolt_base,natgas_fut,22,ukraine,131,0.9812,1.0058,0.481,0.682,0.16
chronos_bolt_base,gold_fut,1,ALL,2804,1.3843,1.1142,0.527,0.023,0.983
chronos_bolt_base,gold_fut,1,calm,2538,1.4059,1.1203,0.525,0.04,0.981
chronos_bolt_base,gold_fut,1,covid,135,1.1162,1.0762,0.57,0.174,0.911
chronos_bolt_base,gold_fut,1,ukraine,131,1.1204,1.0538,0.511,0.387,0.976
chronos_bolt_base,gold_fut,5,ALL,2804,1.0186,1.0017,0.524,0.54,0.56
chronos_bolt_base,gold_fut,5,calm,2538,1.0229,1.0016,0.523,0.599,0.567
chronos_bolt_base,gold_fut,5,covid,135,0.9441,0.9837,0.593,0.127,0.259
chronos_bolt_base,gold_fut,5,ukraine,131,1.0637,1.0331,0.466,0.458,0.825
chronos_bolt_base,gold_fut,22,ALL,2804,0.8179,0.9604,0.54,0.283,0.049
chronos_bolt_base,gold_fut,22,calm,2538,0.8033,0.9547,0.545,0.139,0.049
chronos_bolt_base,gold_fut,22,covid,135,0.9358,1.0025,0.548,0.638,0.002
chronos_bolt_base,gold_fut,22,ukraine,131,1.0834,1.0181,0.45,0.729,0.922
chronos_bolt_base,silver_fut,1,ALL,2804,1.1227,1.0908,0.517,0.033,1.0
chronos_bolt_base,silver_fut,1,calm,2538,1.1234,1.0943,0.52,0.026,1.0
chronos_bolt_base,silver_fut,1,covid,135,1.0807,1.0634,0.467,0.73,0.952
chronos_bolt_base,silver_fut,1,ukraine,131,1.1575,1.0563,0.519,0.523,0.962
chronos_bolt_base,silver_fut,5,ALL,2804,1.1335,1.0604,0.518,0.06,0.923
chronos_bolt_base,silver_fut,5,calm,2538,1.1365,1.0614,0.525,0.017,0.919
chronos_bolt_base,silver_fut,5,covid,135,1.0735,1.0859,0.363,0.997,0.979
chronos_bolt_base,silver_fut,5,ukraine,131,1.006,1.0005,0.534,0.226,0.539
chronos_bolt_base,silver_fut,22,ALL,2804,1.1109,1.0272,0.521,0.09,0.822
chronos_bolt_base,silver_fut,22,calm,2538,1.1098,1.0236,0.531,0.009,0.802
chronos_bolt_base,silver_fut,22,covid,135,1.1977,1.1588,0.141,1.0,0.998
chronos_bolt_base,silver_fut,22,ukraine,131,0.8957,0.8732,0.71,0.0,0.364
chronos_bolt_base,copper_fut,1,ALL,2805,1.1026,1.0823,0.519,0.021,1.0
chronos_bolt_base,copper_fut,1,calm,2539,1.1037,1.0859,0.518,0.036,1.0
chronos_bolt_base,copper_fut,1,covid,135,1.0773,1.0392,0.57,0.023,0.928
chronos_bolt_base,copper_fut,1,ukraine,131,1.0951,1.0589,0.489,0.625,0.973
chronos_bolt_base,copper_fut,5,ALL,2805,1.0736,1.047,0.527,0.007,0.998
chronos_bolt_base,copper_fut,5,calm,2539,1.0701,1.0466,0.531,0.003,0.995
chronos_bolt_base,copper_fut,5,covid,135,0.9919,1.003,0.6,0.008,0.465
chronos_bolt_base,copper_fut,5,ukraine,131,1.1368,1.0728,0.389,0.993,0.959
chronos_bolt_base,copper_fut,22,ALL,2805,1.0751,1.062,0.518,0.468,0.799
chronos_bolt_base,copper_fut,22,calm,2539,1.047,1.0618,0.524,0.222,0.678
chronos_bolt_base,copper_fut,22,covid,135,0.9544,0.9934,0.563,0.037,0.413
chronos_bolt_base,copper_fut,22,ukraine,131,1.2799,1.1021,0.359,1.0,0.947
chronos_bolt_base,platinum_fut,1,ALL,2803,1.1371,1.0674,0.498,0.397,0.997
chronos_bolt_base,platinum_fut,1,calm,2537,1.14,1.0685,0.501,0.292,0.996
chronos_bolt_base,platinum_fut,1,covid,135,1.0993,1.0467,0.511,0.406,0.994
chronos_bolt_base,platinum_fut,1,ukraine,131,1.1051,1.0733,0.443,0.926,1.0
chronos_bolt_base,platinum_fut,5,ALL,2803,1.1005,1.0399,0.501,0.454,0.973
chronos_bolt_base,platinum_fut,5,calm,2537,1.1075,1.0395,0.507,0.227,0.967
chronos_bolt_base,platinum_fut,5,covid,135,1.019,1.0161,0.489,0.582,0.644
chronos_bolt_base,platinum_fut,5,ukraine,131,1.095,1.0763,0.405,0.906,0.953
chronos_bolt_base,platinum_fut,22,ALL,2803,1.1412,1.0827,0.468,1.0,0.998
chronos_bolt_base,platinum_fut,22,calm,2537,1.1333,1.0777,0.48,0.985,0.994
chronos_bolt_base,platinum_fut,22,covid,135,1.176,1.0989,0.333,1.0,0.924
chronos_bolt_base,platinum_fut,22,ukraine,131,1.3175,1.1565,0.382,0.945,0.946
chronos_bolt_base,corn_fut,1,ALL,2802,1.1661,1.1071,0.485,0.737,1.0
chronos_bolt_base,corn_fut,1,calm,2536,1.1406,1.1006,0.486,0.678,1.0
chronos_bolt_base,corn_fut,1,covid,135,1.3784,1.2279,0.519,0.217,1.0
chronos_bolt_base,corn_fut,1,ukraine,131,1.2488,1.1212,0.42,0.997,1.0
chronos_bolt_base,corn_fut,5,ALL,2802,1.1257,1.0683,0.484,0.962,0.998
chronos_bolt_base,corn_fut,5,calm,2536,1.1011,1.0613,0.486,0.932,0.996
chronos_bolt_base,corn_fut,5,covid,135,1.106,1.0529,0.459,0.911,0.872
chronos_bolt_base,corn_fut,5,ukraine,131,1.2104,1.1305,0.466,0.965,0.927
chronos_bolt_base,corn_fut,22,ALL,2802,1.2666,1.1147,0.508,0.43,0.997
chronos_bolt_base,corn_fut,22,calm,2536,1.2593,1.1115,0.506,0.531,0.998
chronos_bolt_base,corn_fut,22,covid,135,1.0636,1.0153,0.556,0.003,0.826
chronos_bolt_base,corn_fut,22,ukraine,131,1.3055,1.1639,0.496,0.998,0.849
chronos_bolt_base,wheat_fut,1,ALL,2804,1.0952,1.054,0.496,0.416,0.972
chronos_bolt_base,wheat_fut,1,calm,2538,1.1186,1.0503,0.5,0.234,1.0
chronos_bolt_base,wheat_fut,1,covid,135,1.2395,1.1303,0.407,0.971,1.0
chronos_bolt_base,wheat_fut,1,ukraine,131,1.0599,1.0548,0.496,0.591,0.706
chronos_bolt_base,wheat_fut,5,ALL,2804,1.0933,1.0411,0.499,0.352,0.928
chronos_bolt_base,wheat_fut,5,calm,2538,1.0588,1.0396,0.507,0.128,0.982
chronos_bolt_base,wheat_fut,5,covid,135,1.2477,1.1474,0.319,1.0,0.997
chronos_bolt_base,wheat_fut,5,ukraine,131,1.1183,1.0248,0.534,0.21,0.837
chronos_bolt_base,wheat_fut,22,ALL,2804,1.0857,1.0891,0.532,0.0,0.787
chronos_bolt_base,wheat_fut,22,calm,2538,1.2619,1.1117,0.537,0.0,0.962
chronos_bolt_base,wheat_fut,22,covid,135,1.8913,1.3344,0.37,0.62,0.992
chronos_bolt_base,wheat_fut,22,ukraine,131,0.9038,0.9429,0.611,0.003,0.293
chronos_bolt_base,soybean_fut,1,ALL,2804,1.1785,1.0951,0.489,0.647,1.0
chronos_bolt_base,soybean_fut,1,calm,2538,1.1919,1.0995,0.485,0.796,1.0
chronos_bolt_base,soybean_fut,1,covid,135,1.1522,1.0761,0.519,0.165,0.986
chronos_bolt_base,soybean_fut,1,ukraine,131,1.1394,1.0665,0.542,0.263,0.993
chronos_bolt_base,soybean_fut,5,ALL,2804,1.0827,1.0506,0.485,0.909,0.999
chronos_bolt_base,soybean_fut,5,calm,2538,1.1239,1.0593,0.481,0.951,1.0
chronos_bolt_base,soybean_fut,5,covid,135,1.055,1.0694,0.474,0.652,0.733
chronos_bolt_base,soybean_fut,5,ukraine,131,0.9477,0.9755,0.573,0.046,0.173
chronos_bolt_base,soybean_fut,22,ALL,2804,1.211,1.1287,0.442,1.0,0.997
chronos_bolt_base,soybean_fut,22,calm,2538,1.2489,1.1394,0.431,1.0,0.999
chronos_bolt_base,soybean_fut,22,covid,135,1.5834,1.2929,0.422,0.924,0.99
chronos_bolt_base,soybean_fut,22,ukraine,131,0.8459,0.942,0.687,0.0,0.06
chronos_2,wti_fut,1,ALL,2805,1.0748,1.042,0.496,0.617,1.0
chronos_2,wti_fut,1,calm,2539,1.0711,1.0325,0.494,0.712,1.0
chronos_2,wti_fut,1,covid,135,1.065,1.1206,0.533,0.23,0.99
chronos_2,wti_fut,1,ukraine,131,1.1151,1.0506,0.504,0.3,0.938
chronos_2,wti_fut,5,ALL,2805,1.0423,1.0153,0.5,0.711,0.946
chronos_2,wti_fut,5,calm,2539,1.0283,1.0141,0.492,0.903,0.959
chronos_2,wti_fut,5,covid,135,1.0259,1.0033,0.615,0.009,0.727
chronos_2,wti_fut,5,ukraine,131,1.0946,1.0317,0.527,0.213,0.816
chronos_2,wti_fut,22,ALL,2805,1.0453,1.0245,0.486,0.999,0.834
chronos_2,wti_fut,22,calm,2539,1.0708,1.0327,0.476,1.0,0.941
chronos_2,wti_fut,22,covid,135,0.9297,0.9361,0.674,0.0,0.12
chronos_2,wti_fut,22,ukraine,131,1.1018,1.042,0.496,0.462,0.686
chronos_2,brent_fut,1,ALL,2806,1.1369,1.0465,0.495,0.537,0.954
chronos_2,brent_fut,1,calm,2540,1.0717,1.0401,0.491,0.697,1.0
chronos_2,brent_fut,1,covid,135,1.2164,1.1712,0.519,0.332,0.987
chronos_2,brent_fut,1,ukraine,131,1.2731,1.0371,0.557,0.051,0.826
chronos_2,brent_fut,5,ALL,2806,1.0781,1.0193,0.504,0.487,0.893
chronos_2,brent_fut,5,calm,2540,1.0305,1.014,0.497,0.781,0.955
chronos_2,brent_fut,5,covid,135,0.9879,1.0057,0.63,0.0,0.399
chronos_2,brent_fut,5,ukraine,131,1.2262,1.0631,0.511,0.357,0.832
chronos_2,brent_fut,22,ALL,2806,1.1169,1.0296,0.495,0.99,0.949
chronos_2,brent_fut,22,calm,2540,1.104,1.0344,0.488,0.997,0.95
chronos_2,brent_fut,22,covid,135,0.9401,0.9212,0.652,0.001,0.369
chronos_2,brent_fut,22,ukraine,131,1.321,1.0777,0.481,0.715,0.915
chronos_2,natgas_fut,1,ALL,2806,1.0441,1.0325,0.517,0.03,0.951
chronos_2,natgas_fut,1,calm,2540,1.0399,1.0347,0.518,0.029,0.904
chronos_2,natgas_fut,1,covid,135,1.0803,1.0377,0.474,0.747,0.963
chronos_2,natgas_fut,1,ukraine,131,1.0598,1.0165,0.55,0.103,0.861
chronos_2,natgas_fut,5,ALL,2806,1.0194,1.0131,0.492,0.807,0.802
chronos_2,natgas_fut,5,calm,2540,1.0113,1.0131,0.495,0.654,0.688
chronos_2,natgas_fut,5,covid,135,1.0366,1.039,0.393,0.99,0.924
chronos_2,natgas_fut,5,ukraine,131,1.0501,1.0084,0.527,0.259,0.762
chronos_2,natgas_fut,22,ALL,2806,1.0106,1.0218,0.496,0.734,0.555
chronos_2,natgas_fut,22,calm,2540,1.0331,1.0337,0.484,0.937,0.622
chronos_2,natgas_fut,22,covid,135,0.9217,0.9654,0.563,0.07,0.156
chronos_2,natgas_fut,22,ukraine,131,0.9558,0.967,0.656,0.004,0.0
chronos_2,gold_fut,1,ALL,2804,1.0877,1.0545,0.494,0.256,0.895
chronos_2,gold_fut,1,calm,2538,1.0912,1.0586,0.493,0.288,0.886
chronos_2,gold_fut,1,covid,135,1.0553,1.0305,0.496,0.438,0.922
chronos_2,gold_fut,1,ukraine,131,1.0214,1.0117,0.519,0.33,0.65
chronos_2,gold_fut,5,ALL,2804,0.9418,0.9898,0.508,0.08,0.1
chronos_2,gold_fut,5,calm,2538,0.9383,0.9907,0.505,0.12,0.108
chronos_2,gold_fut,5,covid,135,0.9763,0.9775,0.511,0.578,0.272
chronos_2,gold_fut,5,ukraine,131,0.9796,0.992,0.565,0.034,0.337
chronos_2,gold_fut,22,ALL,2804,0.8824,0.9848,0.512,0.515,0.076
chronos_2,gold_fut,22,calm,2538,0.8812,0.9884,0.498,0.877,0.091
chronos_2,gold_fut,22,covid,135,0.8349,0.9235,0.756,0.064,0.051
chronos_2,gold_fut,22,ukraine,131,0.9952,0.9906,0.542,0.057,0.453
chronos_2,silver_fut,1,ALL,2804,1.2189,1.0545,0.491,0.638,0.912
chronos_2,silver_fut,1,calm,2538,1.2216,1.0554,0.493,0.52,0.909
chronos_2,silver_fut,1,covid,135,1.1547,1.0775,0.415,0.961,0.967
chronos_2,silver_fut,1,ukraine,131,1.0437,1.0015,0.519,0.378,0.803
chronos_2,silver_fut,5,ALL,2804,1.1566,1.0395,0.478,0.984,0.784
chronos_2,silver_fut,5,calm,2538,1.1593,1.038,0.477,0.985,0.779
chronos_2,silver_fut,5,covid,135,1.113,1.081,0.444,0.867,0.977
chronos_2,silver_fut,5,ukraine,131,1.0118,1.0091,0.534,0.226,0.64
chronos_2,silver_fut,22,ALL,2804,1.1,1.0352,0.483,0.985,0.862
chronos_2,silver_fut,22,calm,2538,1.1047,1.0389,0.481,0.989,0.855
chronos_2,silver_fut,22,covid,135,1.0457,1.014,0.533,0.176,0.806
chronos_2,silver_fut,22,ukraine,131,1.0152,1.0044,0.466,0.849,
chronos_2,copper_fut,1,ALL,2805,1.0704,1.0427,0.507,0.11,0.999
chronos_2,copper_fut,1,calm,2539,1.066,1.0425,0.506,0.167,0.998
chronos_2,copper_fut,1,covid,135,1.3813,1.0859,0.467,0.707,0.908
chronos_2,copper_fut,1,ukraine,131,1.0395,1.0215,0.58,0.021,0.692
chronos_2,copper_fut,5,ALL,2805,1.0554,1.0241,0.503,0.306,0.984
chronos_2,copper_fut,5,calm,2539,1.0627,1.0262,0.497,0.531,0.989
chronos_2,copper_fut,5,covid,135,1.1575,1.0553,0.519,0.627,0.839
chronos_2,copper_fut,5,ukraine,131,0.9415,0.9817,0.603,0.01,0.238
chronos_2,copper_fut,22,ALL,2805,1.0067,1.0093,0.491,0.942,0.542
chronos_2,copper_fut,22,calm,2539,0.9998,1.0103,0.481,0.991,0.499
chronos_2,copper_fut,22,covid,135,0.9096,0.9378,0.652,0.124,0.174
chronos_2,copper_fut,22,ukraine,131,1.0746,1.0393,0.534,0.102,0.72
chronos_2,platinum_fut,1,ALL,2803,1.1926,1.0273,0.491,0.514,0.917
chronos_2,platinum_fut,1,calm,2537,1.2001,1.0238,0.495,0.347,0.908
chronos_2,platinum_fut,1,covid,135,1.1375,1.0818,0.452,0.816,0.986
chronos_2,platinum_fut,1,ukraine,131,1.0323,1.0215,0.466,0.802,0.763
chronos_2,platinum_fut,5,ALL,2803,1.0811,1.0199,0.497,0.395,0.961
chronos_2,platinum_fut,5,calm,2537,1.0881,1.0214,0.495,0.408,0.957
chronos_2,platinum_fut,5,covid,135,1.0457,1.0179,0.556,0.06,0.764
chronos_2,platinum_fut,5,ukraine,131,0.9756,0.9957,0.458,0.762,0.223
chronos_2,platinum_fut,22,ALL,2803,1.0911,1.0233,0.488,0.832,0.954
chronos_2,platinum_fut,22,calm,2537,1.0985,1.0258,0.491,0.736,0.95
chronos_2,platinum_fut,22,covid,135,1.0149,0.986,0.526,0.619,0.615
chronos_2,platinum_fut,22,ukraine,131,1.0598,1.0364,0.397,0.946,0.974
chronos_2,corn_fut,1,ALL,2802,1.1179,1.0609,0.463,0.429,1.0
chronos_2,corn_fut,1,calm,2536,1.1154,1.0573,0.468,0.219,1.0
chronos_2,corn_fut,1,covid,135,1.1736,1.103,0.378,0.978,1.0
chronos_2,corn_fut,1,ukraine,131,1.1232,1.0764,0.458,0.741,0.994
chronos_2,corn_fut,5,ALL,2802,1.072,1.029,0.47,0.798,0.953
chronos_2,corn_fut,5,calm,2536,1.0863,1.0287,0.47,0.749,0.941
chronos_2,corn_fut,5,covid,135,1.0902,1.0297,0.415,0.908,0.953
chronos_2,corn_fut,5,ukraine,131,1.0224,1.0316,0.519,0.357,0.677
chronos_2,corn_fut,22,ALL,2802,1.1451,1.0596,0.483,0.981,0.984
chronos_2,corn_fut,22,calm,2536,1.1691,1.0592,0.483,0.979,0.997
chronos_2,corn_fut,22,covid,135,1.2534,1.1265,0.43,0.401,0.93
chronos_2,corn_fut,22,ukraine,131,1.0613,1.0439,0.527,0.936,0.611
chronos_2,wheat_fut,1,ALL,2804,1.3376,1.0482,0.465,0.748,0.931
chronos_2,wheat_fut,1,calm,2538,1.0817,1.0364,0.462,0.78,1.0
chronos_2,wheat_fut,1,covid,135,1.0295,0.9984,0.489,0.288,0.763
chronos_2,wheat_fut,1,ukraine,131,1.6669,1.1234,0.496,0.784,0.901
chronos_2,wheat_fut,5,ALL,2804,1.1457,1.0215,0.459,0.976,0.898
chronos_2,wheat_fut,5,calm,2538,1.0412,1.0189,0.458,0.972,0.999
chronos_2,wheat_fut,5,covid,135,1.0221,1.0156,0.437,0.735,0.764
chronos_2,wheat_fut,5,ukraine,131,1.2414,1.035,0.496,0.6,0.866
chronos_2,wheat_fut,22,ALL,2804,1.1206,1.0095,0.494,0.237,0.866
chronos_2,wheat_fut,22,calm,2538,1.0356,1.0044,0.491,0.39,0.893
chronos_2,wheat_fut,22,covid,135,1.0246,1.0047,0.511,0.048,0.688
chronos_2,wheat_fut,22,ukraine,131,1.201,1.0326,0.55,0.092,0.844
chronos_2,soybean_fut,1,ALL,2804,1.0671,1.0496,0.468,0.94,1.0
chronos_2,soybean_fut,1,calm,2538,1.0984,1.0563,0.464,0.959,1.0
chronos_2,soybean_fut,1,covid,135,1.064,1.0153,0.511,0.328,0.948
chronos_2,soybean_fut,1,ukraine,131,0.9726,1.0073,0.496,0.453,0.265
chronos_2,soybean_fut,5,ALL,2804,1.0382,1.0259,0.462,0.993,0.973
chronos_2,soybean_fut,5,calm,2538,1.0677,1.0329,0.457,0.995,1.0
chronos_2,soybean_fut,5,covid,135,0.9965,0.9961,0.496,0.579,0.451
chronos_2,soybean_fut,5,ukraine,131,0.9433,0.9775,0.511,0.432,0.163
chronos_2,soybean_fut,22,ALL,2804,1.129,1.0692,0.423,1.0,0.997
chronos_2,soybean_fut,22,calm,2538,1.1423,1.0759,0.413,1.0,0.999
chronos_2,soybean_fut,22,covid,135,1.0256,1.0007,0.519,0.913,0.575
chronos_2,soybean_fut,22,ukraine,131,1.0192,1.0038,0.511,0.834,0.541
chronos_2_lora,wti_fut,1,ALL,2805,1.0741,1.0388,0.503,0.685,1.0
chronos_2_lora,wti_fut,1,calm,2539,1.0761,1.0297,0.501,0.775,1.0
chronos_2_lora,wti_fut,1,covid,135,1.0624,1.1312,0.526,0.288,0.989
chronos_2_lora,wti_fut,1,ukraine,131,1.1065,1.035,0.519,0.315,0.921
chronos_2_lora,wti_fut,5,ALL,2805,1.0514,1.0159,0.505,0.704,0.96
chronos_2_lora,wti_fut,5,calm,2539,1.0294,1.0118,0.5,0.876,0.954
chronos_2_lora,wti_fut,5,covid,135,1.0448,1.0167,0.615,0.009,0.801
chronos_2_lora,wti_fut,5,ukraine,131,1.1133,1.044,0.489,0.421,0.837
chronos_2_lora,wti_fut,22,ALL,2805,1.0477,1.023,0.495,0.997,0.828
chronos_2_lora,wti_fut,22,calm,2539,1.0688,1.0298,0.488,0.999,0.929
chronos_2_lora,wti_fut,22,covid,135,0.9337,0.9408,0.644,0.004,0.129
chronos_2_lora,wti_fut,22,ukraine,131,1.1185,1.045,0.473,0.737,0.688
chronos_2_lora,brent_fut,1,ALL,2806,1.1399,1.0467,0.516,0.091,0.958
chronos_2_lora,brent_fut,1,calm,2540,1.0768,1.0403,0.513,0.183,1.0
chronos_2_lora,brent_fut,1,covid,135,1.2123,1.1865,0.511,0.41,0.99
chronos_2_lora,brent_fut,1,ukraine,131,1.2727,1.0309,0.588,0.018,0.826
chronos_2_lora,brent_fut,5,ALL,2806,1.0835,1.0185,0.514,0.375,0.894
chronos_2_lora,brent_fut,5,calm,2540,1.0362,1.0133,0.507,0.728,0.98
chronos_2_lora,brent_fut,5,covid,135,0.9859,1.006,0.63,0.001,0.38
chronos_2_lora,brent_fut,5,ukraine,131,1.2333,1.0611,0.519,0.249,0.824
chronos_2_lora,brent_fut,22,ALL,2806,1.1213,1.0285,0.51,0.815,0.948
chronos_2_lora,brent_fut,22,calm,2540,1.1024,1.032,0.503,0.918,0.95
chronos_2_lora,brent_fut,22,covid,135,0.9426,0.9237,0.652,0.001,0.372
chronos_2_lora,brent_fut,22,ukraine,131,1.3499,1.0846,0.496,0.51,0.911
chronos_2_lora,natgas_fut,1,ALL,2806,1.0496,1.0356,0.513,0.06,0.964
chronos_2_lora,natgas_fut,1,calm,2540,1.0531,1.0411,0.514,0.051,0.949
chronos_2_lora,natgas_fut,1,covid,135,1.0759,1.0466,0.452,0.866,0.974
chronos_2_lora,natgas_fut,1,ukraine,131,1.0341,0.9966,0.557,0.094,0.758
chronos_2_lora,natgas_fut,5,ALL,2806,1.0173,1.0132,0.506,0.227,0.778
chronos_2_lora,natgas_fut,5,calm,2540,1.0139,1.0153,0.506,0.16,0.735
chronos_2_lora,natgas_fut,5,covid,135,1.0057,1.0167,0.452,0.872,0.58
chronos_2_lora,natgas_fut,5,ukraine,131,1.0306,0.9994,0.565,0.172,0.663
chronos_2_lora,natgas_fut,22,ALL,2806,1.0133,1.02,0.509,0.254,0.571
chronos_2_lora,natgas_fut,22,calm,2540,1.0444,1.035,0.494,0.635,0.667
chronos_2_lora,natgas_fut,22,covid,135,0.9071,0.9586,0.6,0.01,0.164
chronos_2_lora,natgas_fut,22,ukraine,131,0.9371,0.9505,0.687,0.004,0.042
chronos_2_lora,gold_fut,1,ALL,2804,1.0725,1.0391,0.517,0.021,0.84
chronos_2_lora,gold_fut,1,calm,2538,1.0754,1.0421,0.513,0.048,0.831
chronos_2_lora,gold_fut,1,covid,135,1.0323,1.0142,0.533,0.281,0.807
chronos_2_lora,gold_fut,1,ukraine,131,1.0488,1.0187,0.565,0.055,0.833
chronos_2_lora,gold_fut,5,ALL,2804,0.9332,0.9832,0.514,0.353,0.105
chronos_2_lora,gold_fut,5,calm,2538,0.9281,0.9828,0.512,0.396,0.11
chronos_2_lora,gold_fut,5,covid,135,0.9763,0.9752,0.563,0.537,0.306
chronos_2_lora,gold_fut,5,ukraine,131,1.0017,1.004,0.504,0.171,0.517
chronos_2_lora,gold_fut,22,ALL,2804,0.8485,0.9737,0.521,0.803,0.059
chronos_2_lora,gold_fut,22,calm,2538,0.8461,0.9769,0.509,0.942,0.072
chronos_2_lora,gold_fut,22,covid,135,0.7947,0.9035,0.741,0.619,0.045
chronos_2_lora,gold_fut,22,ukraine,131,1.0056,0.9979,0.511,0.073,0.537
chronos_2_lora,silver_fut,1,ALL,2804,1.1861,1.0458,0.499,0.672,0.927
chronos_2_lora,silver_fut,1,calm,2538,1.1883,1.0472,0.498,0.718,0.923
chronos_2_lora,silver_fut,1,covid,135,1.1369,1.0527,0.452,0.857,0.955
chronos_2_lora,silver_fut,1,ukraine,131,1.043,1.0054,0.557,0.06,0.841
chronos_2_lora,silver_fut,5,ALL,2804,1.1525,1.0323,0.495,0.916,0.774
chronos_2_lora,silver_fut,5,calm,2538,1.1556,1.0304,0.492,0.959,0.77
chronos_2_lora,silver_fut,5,covid,135,1.096,1.0738,0.496,0.623,0.958
chronos_2_lora,silver_fut,5,ukraine,131,1.0211,1.0117,0.55,0.082,0.76
chronos_2_lora,silver_fut,22,ALL,2804,1.0777,1.0272,0.483,0.999,0.814
chronos_2_lora,silver_fut,22,calm,2538,1.0816,1.0301,0.483,0.997,0.808
chronos_2_lora,silver_fut,22,covid,135,1.0283,1.0083,0.481,0.929,0.827
chronos_2_lora,silver_fut,22,ukraine,131,1.0229,1.007,0.481,0.628,0.813
chronos_2_lora,copper_fut,1,ALL,2805,1.0728,1.0368,0.51,0.106,0.999
chronos_2_lora,copper_fut,1,calm,2539,1.072,1.0381,0.507,0.186,0.999
chronos_2_lora,copper_fut,1,covid,135,1.3355,1.0667,0.474,0.693,0.894
chronos_2_lora,copper_fut,1,ukraine,131,1.0072,1.0024,0.611,0.006,0.542
chronos_2_lora,copper_fut,5,ALL,2805,1.0605,1.0224,0.512,0.208,0.979
chronos_2_lora,copper_fut,5,calm,2539,1.0667,1.0242,0.505,0.436,0.98
chronos_2_lora,copper_fut,5,covid,135,1.1432,1.041,0.556,0.443,0.815
chronos_2_lora,copper_fut,5,ukraine,131,0.9644,0.9899,0.595,0.008,0.3
chronos_2_lora,copper_fut,22,ALL,2805,1.0055,1.0068,0.508,0.835,0.539
chronos_2_lora,copper_fut,22,calm,2539,0.9963,1.0068,0.499,0.944,0.478
chronos_2_lora,copper_fut,22,covid,135,0.9239,0.9439,0.63,0.497,0.229
chronos_2_lora,copper_fut,22,ukraine,131,1.0833,1.042,0.55,0.033,0.762
chronos_2_lora,platinum_fut,1,ALL,2803,1.1663,1.0145,0.499,0.327,0.884
chronos_2_lora,platinum_fut,1,calm,2537,1.1727,1.011,0.501,0.249,0.874
chronos_2_lora,platinum_fut,1,covid,135,1.1252,1.0695,0.444,0.863,0.989
chronos_2_lora,platinum_fut,1,ukraine,131,1.0158,1.0081,0.511,0.311,0.667
chronos_2_lora,platinum_fut,5,ALL,2803,1.0767,1.0183,0.497,0.512,0.954
chronos_2_lora,platinum_fut,5,calm,2537,1.083,1.0192,0.495,0.585,0.948
chronos_2_lora,platinum_fut,5,covid,135,1.0431,1.0151,0.548,0.065,0.774
chronos_2_lora,platinum_fut,5,ukraine,131,0.9876,1.0071,0.466,0.425,0.367
chronos_2_lora,platinum_fut,22,ALL,2803,1.0636,1.0195,0.492,0.795,0.95
chronos_2_lora,platinum_fut,22,calm,2537,1.0671,1.0206,0.498,0.553,0.942
chronos_2_lora,platinum_fut,22,covid,135,1.0161,0.9904,0.511,0.776,0.617
chronos_2_lora,platinum_fut,22,ukraine,131,1.0801,1.0468,0.344,0.997,0.969
chronos_2_lora,corn_fut,1,ALL,2802,1.1049,1.0548,0.475,0.174,1.0
chronos_2_lora,corn_fut,1,calm,2536,1.1037,1.0534,0.478,0.087,1.0
chronos_2_lora,corn_fut,1,covid,135,1.1496,1.0822,0.393,0.93,0.998
chronos_2_lora,corn_fut,1,ukraine,131,1.1057,1.057,0.504,0.536,0.98
chronos_2_lora,corn_fut,5,ALL,2802,1.077,1.0273,0.477,0.763,0.957
chronos_2_lora,corn_fut,5,calm,2536,1.0912,1.026,0.478,0.726,0.944
chronos_2_lora,corn_fut,5,covid,135,1.0948,1.0372,0.385,0.96,0.957
chronos_2_lora,corn_fut,5,ukraine,131,1.028,1.0346,0.55,0.195,0.71
chronos_2_lora,corn_fut,22,ALL,2802,1.1431,1.0553,0.484,0.999,0.984
chronos_2_lora,corn_fut,22,calm,2536,1.164,1.0551,0.484,0.999,0.996
chronos_2_lora,corn_fut,22,covid,135,1.1956,1.0995,0.444,0.384,0.933
chronos_2_lora,corn_fut,22,ukraine,131,1.073,1.0442,0.527,0.936,0.63
chronos_2_lora,wheat_fut,1,ALL,2804,1.3005,1.0486,0.462,0.633,0.929
chronos_2_lora,wheat_fut,1,calm,2538,1.0729,1.0398,0.461,0.657,1.0
chronos_2_lora,wheat_fut,1,covid,135,1.0693,1.0307,0.474,0.345,0.94
chronos_2_lora,wheat_fut,1,ukraine,131,1.5917,1.0997,0.481,0.744,0.898
chronos_2_lora,wheat_fut,5,ALL,2804,1.1426,1.0242,0.456,0.975,0.894
chronos_2_lora,wheat_fut,5,calm,2538,1.0382,1.0212,0.453,0.983,0.999
chronos_2_lora,wheat_fut,5,covid,135,1.0198,1.0236,0.459,0.521,0.811
chronos_2_lora,wheat_fut,5,ukraine,131,1.2381,1.0385,0.504,0.352,0.863
chronos_2_lora,wheat_fut,22,ALL,2804,1.1322,1.0121,0.495,0.166,0.875
chronos_2_lora,wheat_fut,22,calm,2538,1.0388,1.0072,0.494,0.245,0.922
chronos_2_lora,wheat_fut,22,covid,135,1.0428,1.0168,0.489,0.017,0.74
chronos_2_lora,wheat_fut,22,ukraine,131,1.2201,1.0319,0.527,0.272,0.858
chronos_2_lora,soybean_fut,1,ALL,2804,1.0753,1.0519,0.471,0.963,1.0
chronos_2_lora,soybean_fut,1,calm,2538,1.1003,1.0602,0.466,0.981,1.0
chronos_2_lora,soybean_fut,1,covid,135,1.057,1.0312,0.496,0.524,0.902
chronos_2_lora,soybean_fut,1,ukraine,131,1.0008,0.9944,0.542,0.167,0.509
chronos_2_lora,soybean_fut,5,ALL,2804,1.0447,1.0258,0.47,0.971,0.99
chronos_2_lora,soybean_fut,5,calm,2538,1.0675,1.0309,0.465,0.983,0.999
chronos_2_lora,soybean_fut,5,covid,135,1.012,1.0094,0.496,0.603,0.626
chronos_2_lora,soybean_fut,5,ukraine,131,0.9713,0.9895,0.542,0.195,0.268
chronos_2_lora,soybean_fut,22,ALL,2804,1.126,1.067,0.429,1.0,0.995
chronos_2_lora,soybean_fut,22,calm,2538,1.1369,1.0724,0.42,1.0,0.998
chronos_2_lora,soybean_fut,22,covid,135,1.041,1.0124,0.511,0.974,0.607
chronos_2_lora,soybean_fut,22,ukraine,131,1.0368,1.0139,0.519,0.805,0.568
chronos_2_full,wti_fut,1,ALL,2805,1.0224,1.0769,0.501,0.619,0.607
chronos_2_full,wti_fut,1,calm,2539,1.1705,1.0826,0.504,0.507,1.0
chronos_2_full,wti_fut,1,covid,135,0.8937,1.0587,0.474,0.839,0.267
chronos_2_full,wti_fut,1,ukraine,131,1.0678,1.0517,0.473,0.556,0.934
chronos_2_full,wti_fut,5,ALL,2805,1.0169,1.0237,0.542,0.001,0.704
chronos_2_full,wti_fut,5,calm,2539,1.0584,1.0279,0.54,0.008,0.993
chronos_2_full,wti_fut,5,covid,135,0.9162,1.003,0.563,0.246,0.227
chronos_2_full,wti_fut,5,ukraine,131,1.0207,1.0081,0.557,0.04,0.637
chronos_2_full,wti_fut,22,ALL,2805,1.0543,1.0276,0.529,0.751,0.828
chronos_2_full,wti_fut,22,calm,2539,1.0965,1.0365,0.525,0.921,0.954
chronos_2_full,wti_fut,22,covid,135,0.9317,0.971,0.63,0.012,0.297
chronos_2_full,wti_fut,22,ukraine,131,1.0586,1.009,0.511,0.043,0.593
chronos_2_full,brent_fut,1,ALL,2806,1.1937,1.1129,0.504,0.413,1.0
chronos_2_full,brent_fut,1,calm,2540,1.2244,1.1181,0.5,0.59,1.0
chronos_2_full,brent_fut,1,covid,135,1.3268,1.2353,0.563,0.022,0.998
chronos_2_full,brent_fut,1,ukraine,131,1.0899,1.0284,0.534,0.132,0.794
chronos_2_full,brent_fut,5,ALL,2806,1.0696,1.0322,0.537,0.006,0.988
chronos_2_full,brent_fut,5,calm,2540,1.0796,1.0295,0.54,0.009,0.996
chronos_2_full,brent_fut,5,covid,135,1.0351,1.0609,0.556,0.009,0.624
chronos_2_full,brent_fut,5,ukraine,131,1.058,1.0356,0.466,0.727,0.748
chronos_2_full,brent_fut,22,ALL,2806,1.0995,1.0324,0.527,0.693,0.939
chronos_2_full,brent_fut,22,calm,2540,1.1284,1.0407,0.526,0.684,0.973
chronos_2_full,brent_fut,22,covid,135,0.9847,0.9508,0.593,0.795,0.471
chronos_2_full,brent_fut,22,ukraine,131,1.0903,1.0291,0.496,,0.666
chronos_2_full,natgas_fut,1,ALL,2806,1.0537,1.0521,0.521,0.01,0.973
chronos_2_full,natgas_fut,1,calm,2540,1.0425,1.0549,0.52,0.015,0.907
chronos_2_full,natgas_fut,1,covid,135,1.0574,1.0424,0.526,0.232,0.838
chronos_2_full,natgas_fut,1,ukraine,131,1.1002,1.0361,0.534,0.122,0.964
chronos_2_full,natgas_fut,5,ALL,2806,0.9984,1.0087,0.528,0.001,0.466
chronos_2_full,natgas_fut,5,calm,2540,0.9869,1.0091,0.525,0.001,0.228
chronos_2_full,natgas_fut,5,covid,135,0.9497,0.983,0.585,0.044,0.234
chronos_2_full,natgas_fut,5,ukraine,131,1.0448,1.0108,0.527,0.236,0.762
chronos_2_full,natgas_fut,22,ALL,2806,1.0106,1.0115,0.531,0.0,0.645
chronos_2_full,natgas_fut,22,calm,2540,1.0311,1.0195,0.521,0.0,0.802
chronos_2_full,natgas_fut,22,covid,135,0.7979,0.9658,0.585,0.002,0.229
chronos_2_full,natgas_fut,22,ukraine,131,0.9647,0.9761,0.664,0.001,0.22
chronos_2_full,gold_fut,1,ALL,2804,1.1045,1.061,0.51,0.027,0.94
chronos_2_full,gold_fut,1,calm,2538,1.1,1.0592,0.515,0.007,0.916
chronos_2_full,gold_fut,1,covid,135,1.1729,1.0645,0.474,0.634,0.996
chronos_2_full,gold_fut,1,ukraine,131,1.132,1.0889,0.45,0.895,0.997
chronos_2_full,gold_fut,5,ALL,2804,0.9515,0.9861,0.525,0.558,0.162
chronos_2_full,gold_fut,5,calm,2538,0.9411,0.9815,0.528,0.391,0.138
chronos_2_full,gold_fut,5,covid,135,1.0346,1.0018,0.533,0.816,0.758
chronos_2_full,gold_fut,5,ukraine,131,1.1083,1.0539,0.45,0.371,0.922
chronos_2_full,gold_fut,22,ALL,2804,0.7924,0.954,0.561,0.973,0.04
chronos_2_full,gold_fut,22,calm,2538,0.7817,0.9515,0.556,0.976,0.044
chronos_2_full,gold_fut,22,covid,135,0.7973,0.9078,0.77,0.846,0.102
chronos_2_full,gold_fut,22,ukraine,131,1.1137,1.0566,0.443,0.108,0.766
chronos_2_full,silver_fut,1,ALL,2804,0.9869,1.0613,0.488,0.885,0.424
chronos_2_full,silver_fut,1,calm,2538,0.9841,1.0604,0.491,0.833,0.41
chronos_2_full,silver_fut,1,covid,135,1.0397,1.0472,0.459,0.732,0.717
chronos_2_full,silver_fut,1,ukraine,131,1.2058,1.1004,0.473,0.608,0.999
chronos_2_full,silver_fut,5,ALL,2804,0.9794,1.0122,0.505,0.924,0.304
chronos_2_full,silver_fut,5,calm,2538,0.9763,1.0071,0.509,0.865,0.286
chronos_2_full,silver_fut,5,covid,135,1.0418,1.0446,0.541,0.18,0.809
chronos_2_full,silver_fut,5,ukraine,131,1.1004,1.072,0.389,0.926,0.902
chronos_2_full,silver_fut,22,ALL,2804,0.9442,0.9884,0.519,0.92,0.138
chronos_2_full,silver_fut,22,calm,2538,0.9395,0.9862,0.517,0.905,0.135
chronos_2_full,silver_fut,22,covid,135,0.9886,0.9938,0.622,0.53,0.41
chronos_2_full,silver_fut,22,ukraine,131,1.063,1.0188,0.45,0.048,0.674
chronos_2_full,copper_fut,1,ALL,2805,1.121,1.0807,0.492,0.733,1.0
chronos_2_full,copper_fut,1,calm,2539,1.1097,1.0767,0.496,0.599,1.0
chronos_2_full,copper_fut,1,covid,135,1.2057,1.0948,0.43,0.902,0.994
chronos_2_full,copper_fut,1,ukraine,131,1.2499,1.1253,0.489,0.768,0.975
chronos_2_full,copper_fut,5,ALL,2805,1.0572,1.0283,0.5,0.934,0.978
chronos_2_full,copper_fut,5,calm,2539,1.0634,1.0314,0.493,0.99,0.982
chronos_2_full,copper_fut,5,covid,135,1.06,1.0064,0.593,0.239,0.736
chronos_2_full,copper_fut,5,ukraine,131,0.9837,1.0008,0.542,0.208,0.438
chronos_2_full,copper_fut,22,ALL,2805,1.029,1.0178,0.545,0.588,0.748
chronos_2_full,copper_fut,22,calm,2539,0.997,1.0113,0.545,0.606,0.469
chronos_2_full,copper_fut,22,covid,135,0.9528,0.9549,0.667,0.511,0.364
chronos_2_full,copper_fut,22,ukraine,131,1.2463,1.1179,0.435,0.902,0.885
chronos_2_full,platinum_fut,1,ALL,2803,1.0605,1.0483,0.503,0.353,0.987
chronos_2_full,platinum_fut,1,calm,2537,1.0604,1.049,0.5,0.496,0.981
chronos_2_full,platinum_fut,1,covid,135,1.0681,1.0565,0.556,0.034,0.876
chronos_2_full,platinum_fut,1,ukraine,131,1.0483,1.0246,0.504,0.362,0.829
chronos_2_full,platinum_fut,5,ALL,2803,1.0099,1.0085,0.533,0.0,0.663
chronos_2_full,platinum_fut,5,calm,2537,1.0098,1.0075,0.536,0.0,0.647
chronos_2_full,platinum_fut,5,covid,135,1.0091,1.0114,0.533,0.158,0.596
chronos_2_full,platinum_fut,5,ukraine,131,1.014,1.0212,0.489,0.015,0.594
chronos_2_full,platinum_fut,22,ALL,2803,0.9969,1.0091,0.525,0.001,0.438
chronos_2_full,platinum_fut,22,calm,2537,0.9858,1.0035,0.535,0.0,0.242
chronos_2_full,platinum_fut,22,covid,135,1.0675,1.0255,0.474,0.967,0.73
chronos_2_full,platinum_fut,22,ukraine,131,1.1774,1.0949,0.389,0.134,0.934
chronos_2_full,corn_fut,1,ALL,2802,1.152,1.1087,0.481,0.222,1.0
chronos_2_full,corn_fut,1,calm,2536,1.1512,1.1064,0.481,0.181,1.0
chronos_2_full,corn_fut,1,covid,135,1.1319,1.0624,0.481,0.295,0.977
chronos_2_full,corn_fut,1,ukraine,131,1.1565,1.1403,0.466,0.31,0.938
chronos_2_full,corn_fut,5,ALL,2802,1.0534,1.0302,0.497,0.325,0.978
chronos_2_full,corn_fut,5,calm,2536,1.0648,1.0302,0.498,0.376,0.977
chronos_2_full,corn_fut,5,covid,135,1.0435,1.023,0.444,0.415,0.737
chronos_2_full,corn_fut,5,ukraine,131,1.0161,1.0331,0.527,0.186,0.635
chronos_2_full,corn_fut,22,ALL,2802,1.116,1.0437,0.524,0.687,0.972
chronos_2_full,corn_fut,22,calm,2536,1.1187,1.0399,0.534,0.294,0.989
chronos_2_full,corn_fut,22,covid,135,1.1261,1.06,0.37,0.845,0.874
chronos_2_full,corn_fut,22,ukraine,131,1.1067,1.0644,0.489,0.997,0.686
chronos_2_full,wheat_fut,1,ALL,2804,1.1293,1.0452,0.478,0.273,0.999
chronos_2_full,wheat_fut,1,calm,2538,1.0883,1.0389,0.476,0.335,1.0
chronos_2_full,wheat_fut,1,covid,135,1.0479,1.0205,0.459,0.482,0.892
chronos_2_full,wheat_fut,1,ukraine,131,1.1836,1.085,0.542,0.591,0.982
chronos_2_full,wheat_fut,5,ALL,2804,1.0382,1.0227,0.474,0.764,0.962
chronos_2_full,wheat_fut,5,calm,2538,1.04,1.024,0.476,0.738,0.994
chronos_2_full,wheat_fut,5,covid,135,1.0179,1.0291,0.444,0.44,0.646
chronos_2_full,wheat_fut,5,ukraine,131,1.0373,1.0149,0.473,0.775,0.831
chronos_2_full,wheat_fut,22,ALL,2804,1.0329,1.0279,0.51,0.0,0.881
chronos_2_full,wheat_fut,22,calm,2538,1.0585,1.033,0.516,0.0,0.962
chronos_2_full,wheat_fut,22,covid,135,1.1256,1.058,0.363,0.467,0.832
chronos_2_full,wheat_fut,22,ukraine,131,1.007,1.0,0.55,0.128,0.556
chronos_2_full,soybean_fut,1,ALL,2804,1.2059,1.1199,0.482,0.778,1.0
chronos_2_full,soybean_fut,1,calm,2538,1.2487,1.1279,0.482,0.753,1.0
chronos_2_full,soybean_fut,1,covid,135,1.0334,1.0184,0.526,0.157,0.764
chronos_2_full,soybean_fut,1,ukraine,131,1.0861,1.0841,0.427,0.9,0.917
chronos_2_full,soybean_fut,5,ALL,2804,1.0768,1.0414,0.5,0.249,1.0
chronos_2_full,soybean_fut,5,calm,2538,1.0891,1.0449,0.499,0.225,1.0
chronos_2_full,soybean_fut,5,covid,135,1.0424,1.0328,0.496,0.701,0.723
chronos_2_full,soybean_fut,5,ukraine,131,1.0386,1.0156,0.511,0.397,0.767
chronos_2_full,soybean_fut,22,ALL,2804,1.1222,1.064,0.493,0.998,0.994
chronos_2_full,soybean_fut,22,calm,2538,1.1229,1.0646,0.487,0.997,0.997
chronos_2_full,soybean_fut,22,covid,135,1.1569,1.0641,0.57,,0.695
chronos_2_full,soybean_fut,22,ukraine,131,1.1138,1.0564,0.519,0.805,0.674
timesfm_25,wti_fut,1,ALL,2805,0.8656,0.999,0.521,0.022,0.179
timesfm_25,wti_fut,1,calm,2539,1.0209,1.0071,0.521,0.024,0.991
timesfm_25,wti_fut,1,covid,135,0.6873,0.9023,0.541,0.179,0.154
timesfm_25,wti_fut,1,ukraine,131,1.0517,1.0132,0.504,0.577,0.957
timesfm_25,wti_fut,5,ALL,2805,0.965,1.0051,0.525,0.015,0.276
timesfm_25,wti_fut,5,calm,2539,1.025,1.0094,0.53,0.006,0.936
timesfm_25,wti_fut,5,covid,135,0.7862,0.9715,0.444,0.924,0.195
timesfm_25,wti_fut,5,ukraine,131,1.0064,0.9974,0.519,0.297,0.566
timesfm_25,wti_fut,22,ALL,2805,1.0,1.0227,0.498,0.855,0.5
timesfm_25,wti_fut,22,calm,2539,1.0293,1.0248,0.494,0.913,0.77
timesfm_25,wti_fut,22,covid,135,0.911,1.0171,0.422,0.995,0.368
timesfm_25,wti_fut,22,ukraine,131,1.0087,1.0111,0.656,0.0,0.515
timesfm_25,brent_fut,1,ALL,2806,1.0356,1.0149,0.517,0.054,0.999
timesfm_25,brent_fut,1,calm,2540,1.0253,1.0138,0.516,0.074,0.999
timesfm_25,brent_fut,1,covid,135,1.0667,1.0491,0.533,0.235,0.933
timesfm_25,brent_fut,1,ukraine,131,1.0527,1.0078,0.527,0.42,0.942
timesfm_25,brent_fut,5,ALL,2806,1.0322,1.0104,0.527,0.017,0.968
timesfm_25,brent_fut,5,calm,2540,1.0393,1.0119,0.528,0.021,0.981
timesfm_25,brent_fut,5,covid,135,1.0999,1.0463,0.467,0.885,0.928
timesfm_25,brent_fut,5,ukraine,131,0.9907,0.9805,0.573,0.047,0.411
timesfm_25,brent_fut,22,ALL,2806,1.0604,1.0276,0.488,0.995,0.877
timesfm_25,brent_fut,22,calm,2540,1.0726,1.0328,0.476,1.0,0.96
timesfm_25,brent_fut,22,covid,135,1.1137,1.0119,0.548,0.987,0.714
timesfm_25,brent_fut,22,ukraine,131,0.9672,0.9961,0.641,0.0,0.437
timesfm_25,natgas_fut,1,ALL,2806,0.9985,1.0148,0.506,0.246,0.475
timesfm_25,natgas_fut,1,calm,2540,0.9915,1.0146,0.507,0.236,0.383
timesfm_25,natgas_fut,1,covid,135,0.9957,0.9694,0.563,0.07,0.46
timesfm_25,natgas_fut,1,ukraine,131,1.0279,1.0265,0.427,0.92,0.806
timesfm_25,natgas_fut,5,ALL,2806,0.9749,1.009,0.504,0.328,0.324
timesfm_25,natgas_fut,5,calm,2540,0.9438,1.0055,0.501,0.476,0.203
timesfm_25,natgas_fut,5,covid,135,0.9905,0.9851,0.585,0.01,0.424
timesfm_25,natgas_fut,5,ukraine,131,1.0942,1.0358,0.481,0.165,0.921
timesfm_25,natgas_fut,22,ALL,2806,0.9885,1.0057,0.521,0.012,0.396
timesfm_25,natgas_fut,22,calm,2540,0.951,0.9924,0.53,0.001,0.166
timesfm_25,natgas_fut,22,covid,135,1.2067,1.1272,0.526,0.269,0.852
timesfm_25,natgas_fut,22,ukraine,131,1.0775,1.0586,0.351,0.202,0.794
timesfm_25,gold_fut,1,ALL,2804,1.0313,1.0223,0.504,0.225,0.956
timesfm_25,gold_fut,1,calm,2538,1.0308,1.024,0.501,0.333,0.941
timesfm_25,gold_fut,1,covid,135,1.0455,1.0126,0.519,0.159,0.911
timesfm_25,gold_fut,1,ukraine,131,1.0159,1.0043,0.534,0.215,0.713
timesfm_25,gold_fut,5,ALL,2804,1.0226,1.0128,0.507,0.093,0.751
timesfm_25,gold_fut,5,calm,2538,1.0226,1.0135,0.511,0.049,0.731
timesfm_25,gold_fut,5,covid,135,1.0395,1.0291,0.407,0.824,0.971
timesfm_25,gold_fut,5,ukraine,131,0.9767,0.9731,0.534,0.146,0.36
timesfm_25,gold_fut,22,ALL,2804,1.1316,1.0298,0.521,0.0,0.757
timesfm_25,gold_fut,22,calm,2538,1.1364,1.0291,0.533,0.0,0.747
timesfm_25,gold_fut,22,covid,135,1.165,1.1189,0.274,1.0,0.957
timesfm_25,gold_fut,22,ukraine,131,0.9334,0.9373,0.534,0.247,0.253
timesfm_25,silver_fut,1,ALL,2804,1.0277,1.0227,0.517,0.014,0.728
timesfm_25,silver_fut,1,calm,2538,1.0271,1.0246,0.515,0.028,0.718
timesfm_25,silver_fut,1,covid,135,1.0587,1.0165,0.511,0.406,0.882
timesfm_25,silver_fut,1,ukraine,131,1.0097,0.9901,0.573,0.054,0.645
timesfm_25,silver_fut,5,ALL,2804,0.9727,1.0168,0.496,0.633,0.348
timesfm_25,silver_fut,5,calm,2538,0.9691,1.0153,0.493,0.687,0.335
timesfm_25,silver_fut,5,covid,135,1.0848,1.0455,0.541,0.332,0.914
timesfm_25,silver_fut,5,ukraine,131,0.9917,1.0045,0.504,0.181,0.402
timesfm_25,silver_fut,22,ALL,2804,1.0072,1.008,0.493,0.541,0.575
timesfm_25,silver_fut,22,calm,2538,1.003,1.0096,0.477,0.951,0.53
timesfm_25,silver_fut,22,covid,135,1.0935,1.0122,0.689,0.001,0.709
timesfm_25,silver_fut,22,ukraine,131,0.9612,0.9715,0.603,0.001,0.148
timesfm_25,copper_fut,1,ALL,2805,1.0096,1.0063,0.504,0.335,0.852
timesfm_25,copper_fut,1,calm,2539,1.0103,1.007,0.505,0.288,0.854
timesfm_25,copper_fut,1,covid,135,1.03,1.0057,0.474,0.856,0.877
timesfm_25,copper_fut,1,ukraine,131,0.9943,0.9965,0.504,0.469,0.429
timesfm_25,copper_fut,5,ALL,2805,1.0182,1.0095,0.491,0.886,0.878
timesfm_25,copper_fut,5,calm,2539,1.0239,1.0111,0.484,0.954,0.922
timesfm_25,copper_fut,5,covid,135,1.0166,1.0071,0.526,0.889,0.705
timesfm_25,copper_fut,5,ukraine,131,0.9525,0.9913,0.573,0.036,0.15
timesfm_25,copper_fut,22,ALL,2805,1.0148,1.0126,0.504,0.791,0.633
timesfm_25,copper_fut,22,calm,2539,1.0277,1.0198,0.493,0.961,0.703
timesfm_25,copper_fut,22,covid,135,0.9633,0.9408,0.622,0.96,0.379
timesfm_25,copper_fut,22,ukraine,131,0.9491,0.9816,0.603,0.008,0.14
timesfm_25,platinum_fut,1,ALL,2803,1.0321,1.0103,0.507,0.209,0.972
timesfm_25,platinum_fut,1,calm,2537,1.0322,1.0103,0.509,0.153,0.963
timesfm_25,platinum_fut,1,covid,135,1.0363,1.0121,0.504,0.828,0.79
timesfm_25,platinum_fut,1,ukraine,131,1.0189,1.0082,0.481,0.594,0.742
timesfm_25,platinum_fut,5,ALL,2803,1.0343,1.0125,0.51,0.174,0.897
timesfm_25,platinum_fut,5,calm,2537,1.0439,1.0154,0.509,0.212,0.928
timesfm_25,platinum_fut,5,covid,135,0.9447,0.9809,0.519,0.224,0.16
timesfm_25,platinum_fut,5,ukraine,131,0.98,1.0017,0.519,0.013,0.303
timesfm_25,platinum_fut,22,ALL,2803,1.0568,1.0095,0.566,0.0,0.821
timesfm_25,platinum_fut,22,calm,2537,1.0759,1.0217,0.562,0.0,0.868
timesfm_25,platinum_fut,22,covid,135,0.8576,0.8733,0.726,0.0,0.032
timesfm_25,platinum_fut,22,ukraine,131,0.9786,0.997,0.473,0.375,
timesfm_25,corn_fut,1,ALL,2802,1.0296,1.0171,0.493,0.505,0.995
timesfm_25,corn_fut,1,calm,2536,1.0336,1.0196,0.491,0.564,0.994
timesfm_25,corn_fut,1,covid,135,1.1274,1.0424,0.526,0.245,0.975
timesfm_25,corn_fut,1,ukraine,131,1.0063,0.9903,0.496,0.541,0.599
timesfm_25,corn_fut,5,ALL,2802,1.0465,1.0345,0.484,0.947,0.972
timesfm_25,corn_fut,5,calm,2536,1.0403,1.0284,0.487,0.889,0.917
timesfm_25,corn_fut,5,covid,135,1.1079,1.0697,0.489,0.347,0.941
timesfm_25,corn_fut,5,ukraine,131,1.0619,1.0725,0.412,0.969,0.909
timesfm_25,corn_fut,22,ALL,2802,1.0982,1.0647,0.473,1.0,0.949
timesfm_25,corn_fut,22,calm,2536,1.082,1.0535,0.478,0.999,0.89
timesfm_25,corn_fut,22,covid,135,1.1508,1.0688,0.556,0.0,0.77
timesfm_25,corn_fut,22,ukraine,131,1.1452,1.14,0.29,1.0,0.845
timesfm_25,wheat_fut,1,ALL,2804,1.0405,1.0091,0.509,0.073,0.843
timesfm_25,wheat_fut,1,calm,2538,1.0204,1.0041,0.507,0.085,0.944
timesfm_25,wheat_fut,1,covid,135,1.0423,1.0115,0.526,0.278,0.904
timesfm_25,wheat_fut,1,ukraine,131,1.0653,1.0348,0.511,0.45,0.764
timesfm_25,wheat_fut,5,ALL,2804,0.9764,0.995,0.522,0.004,0.257
timesfm_25,wheat_fut,5,calm,2538,1.0011,0.9991,0.519,0.014,0.521
timesfm_25,wheat_fut,5,covid,135,0.9509,0.9726,0.593,0.032,0.043
timesfm_25,wheat_fut,5,ukraine,131,0.9556,0.9808,0.527,0.333,0.256
timesfm_25,wheat_fut,22,ALL,2804,0.9334,0.986,0.536,0.0,0.065
timesfm_25,wheat_fut,22,calm,2538,0.9754,0.9991,0.524,0.009,0.264
timesfm_25,wheat_fut,22,covid,135,0.7382,0.8406,0.719,0.0,0.006
timesfm_25,wheat_fut,22,ukraine,131,0.8999,0.9586,0.573,0.001,0.047
timesfm_25,soybean_fut,1,ALL,2804,1.0185,1.0159,0.495,0.429,0.976
timesfm_25,soybean_fut,1,calm,2538,1.0308,1.0191,0.496,0.423,0.996
timesfm_25,soybean_fut,1,covid,135,0.9837,0.9922,0.541,0.131,0.235
timesfm_25,soybean_fut,1,ukraine,131,0.9832,0.9976,0.443,0.873,0.145
timesfm_25,soybean_fut,5,ALL,2804,1.0446,1.0285,0.477,0.987,0.998
timesfm_25,soybean_fut,5,calm,2538,1.0581,1.0328,0.474,0.991,1.0
timesfm_25,soybean_fut,5,covid,135,1.0223,1.0033,0.526,0.292,0.751
timesfm_25,soybean_fut,5,ukraine,131,1.0014,1.0015,0.481,0.686,0.514
timesfm_25,soybean_fut,22,ALL,2804,1.0938,1.0507,0.481,0.984,0.999
timesfm_25,soybean_fut,22,calm,2538,1.0944,1.0537,0.478,0.988,0.997
timesfm_25,soybean_fut,22,covid,135,0.934,0.9302,0.593,0.054,0.378
timesfm_25,soybean_fut,22,ukraine,131,1.101,1.0487,0.42,0.951,0.91
moirai2_small,wti_fut,1,ALL,2805,1.069,1.0435,0.52,0.027,1.0
moirai2_small,wti_fut,1,calm,2539,1.0935,1.0331,0.527,0.006,1.0
moirai2_small,wti_fut,1,covid,135,0.9989,1.1023,0.422,0.986,0.482
moirai2_small,wti_fut,1,ukraine,131,1.2323,1.0722,0.496,0.99,0.988
moirai2_small,wti_fut,5,ALL,2805,1.0299,1.0332,0.504,0.497,0.749
moirai2_small,wti_fut,5,calm,2539,1.0565,1.0267,0.506,0.424,0.993
moirai2_small,wti_fut,5,covid,135,0.8683,1.0266,0.467,0.459,0.185
moirai2_small,wti_fut,5,ukraine,131,1.1362,1.084,0.504,0.126,0.883
moirai2_small,wti_fut,22,ALL,2805,1.0793,1.0529,0.511,0.197,0.842
moirai2_small,wti_fut,22,calm,2539,1.121,1.0533,0.514,0.14,0.994
moirai2_small,wti_fut,22,covid,135,0.8009,0.9404,0.548,0.004,0.102
moirai2_small,wti_fut,22,ukraine,131,1.2874,1.1541,0.42,0.986,0.777
moirai2_small,brent_fut,1,ALL,2806,1.1396,1.0549,0.511,0.21,1.0
moirai2_small,brent_fut,1,calm,2540,1.0896,1.0378,0.514,0.14,1.0
moirai2_small,brent_fut,1,covid,135,1.3358,1.2602,0.437,0.932,1.0
moirai2_small,brent_fut,1,ukraine,131,1.2125,1.0821,0.527,0.817,0.992
moirai2_small,brent_fut,5,ALL,2806,1.0857,1.0447,0.496,0.827,0.984
moirai2_small,brent_fut,5,calm,2540,1.0721,1.0345,0.497,0.82,0.998
moirai2_small,brent_fut,5,covid,135,1.0256,1.1263,0.526,0.074,0.58
moirai2_small,brent_fut,5,ukraine,131,1.1406,1.0709,0.45,0.906,0.856
moirai2_small,brent_fut,22,ALL,2806,1.1242,1.0818,0.475,0.999,0.915
moirai2_small,brent_fut,22,calm,2540,1.1629,1.0755,0.479,0.995,0.999
moirai2_small,brent_fut,22,covid,135,0.7357,0.9789,0.496,0.005,0.28
moirai2_small,brent_fut,22,ukraine,131,1.3182,1.2182,0.382,1.0,0.876
moirai2_small,natgas_fut,1,ALL,2806,1.0576,1.0293,0.516,0.049,1.0
moirai2_small,natgas_fut,1,calm,2540,1.0627,1.0347,0.512,0.112,1.0
moirai2_small,natgas_fut,1,covid,135,1.064,1.0116,0.504,0.573,0.896
moirai2_small,natgas_fut,1,ukraine,131,1.0359,0.997,0.603,0.018,0.769
moirai2_small,natgas_fut,5,ALL,2806,1.0353,1.0271,0.498,0.616,0.939
moirai2_small,natgas_fut,5,calm,2540,1.0201,1.0235,0.503,0.349,0.817
moirai2_small,natgas_fut,5,covid,135,1.0583,1.0252,0.467,0.366,0.775
moirai2_small,natgas_fut,5,ukraine,131,1.0931,1.0507,0.435,0.844,0.904
moirai2_small,natgas_fut,22,ALL,2806,1.0233,1.0183,0.49,0.874,0.692
moirai2_small,natgas_fut,22,calm,2540,0.9931,1.0096,0.498,0.567,0.42
moirai2_small,natgas_fut,22,covid,135,1.1181,1.0246,0.511,0.214,0.788
moirai2_small,natgas_fut,22,ukraine,131,1.0977,1.0631,0.321,0.344,0.72
moirai2_small,gold_fut,1,ALL,2804,1.0862,1.0171,0.546,0.0,0.976
moirai2_small,gold_fut,1,calm,2538,1.0831,1.0138,0.549,0.0,0.961
moirai2_small,gold_fut,1,covid,135,1.155,1.0554,0.57,0.624,0.965
moirai2_small,gold_fut,1,ukraine,131,1.0552,1.0225,0.458,0.856,0.919
moirai2_small,gold_fut,5,ALL,2804,0.9544,0.9815,0.545,0.0,0.154
moirai2_small,gold_fut,5,calm,2538,0.9501,0.9807,0.541,0.002,0.154
moirai2_small,gold_fut,5,covid,135,0.9973,0.9784,0.622,0.298,0.485
moirai2_small,gold_fut,5,ukraine,131,0.9959,1.0021,0.542,0.162,0.471
moirai2_small,gold_fut,22,ALL,2804,1.0538,1.0265,0.499,0.09,0.682
moirai2_small,gold_fut,22,calm,2538,1.0685,1.0362,0.48,0.63,0.71
moirai2_small,gold_fut,22,covid,135,0.8468,0.9289,0.726,0.063,0.0
moirai2_small,gold_fut,22,ukraine,131,0.9255,0.9615,0.618,0.004,0.246
moirai2_small,silver_fut,1,ALL,2804,1.0267,1.021,0.519,0.082,0.71
moirai2_small,silver_fut,1,calm,2538,1.0266,1.0226,0.516,0.176,0.704
moirai2_small,silver_fut,1,covid,135,1.0389,1.0188,0.496,0.726,0.691
moirai2_small,silver_fut,1,ukraine,131,1.0088,0.991,0.595,0.02,0.624
moirai2_small,silver_fut,5,ALL,2804,0.8801,0.9979,0.51,0.19,0.104
moirai2_small,silver_fut,5,calm,2538,0.8743,0.9972,0.508,0.26,0.102
moirai2_small,silver_fut,5,covid,135,1.036,1.0165,0.467,0.941,0.931
moirai2_small,silver_fut,5,ukraine,131,0.9913,0.9839,0.58,0.151,0.43
moirai2_small,silver_fut,22,ALL,2804,0.9402,0.9977,0.498,0.115,0.144
moirai2_small,silver_fut,22,calm,2538,0.9329,0.9952,0.499,0.118,0.134
moirai2_small,silver_fut,22,covid,135,1.0472,1.0152,0.437,0.896,0.702
moirai2_small,silver_fut,22,ukraine,131,0.9951,1.0132,0.542,0.437,0.476
moirai2_small,copper_fut,1,ALL,2805,1.0625,1.0438,0.525,0.004,1.0
moirai2_small,copper_fut,1,calm,2539,1.0565,1.0407,0.53,0.001,1.0
moirai2_small,copper_fut,1,covid,135,1.1337,1.0628,0.474,0.477,0.991
moirai2_small,copper_fut,1,ukraine,131,1.1239,1.0742,0.489,0.577,0.997
moirai2_small,copper_fut,5,ALL,2805,1.0422,1.0333,0.497,0.795,0.997
moirai2_small,copper_fut,5,calm,2539,1.0288,1.0268,0.505,0.491,0.976
moirai2_small,copper_fut,5,covid,135,1.0811,1.0773,0.452,0.566,0.887
moirai2_small,copper_fut,5,ukraine,131,1.1868,1.0919,0.389,0.993,0.963
moirai2_small,copper_fut,22,ALL,2805,1.0778,1.0438,0.498,0.694,0.937
moirai2_small,copper_fut,22,calm,2539,1.0435,1.0327,0.517,0.074,0.794
moirai2_small,copper_fut,22,covid,135,1.1511,1.1067,0.259,1.0,0.88
moirai2_small,copper_fut,22,ukraine,131,1.2705,1.1196,0.374,0.998,0.974
moirai2_small,platinum_fut,1,ALL,2803,1.0618,1.0138,0.512,0.113,0.887
moirai2_small,platinum_fut,1,calm,2537,1.0593,1.0117,0.513,0.108,0.858
moirai2_small,platinum_fut,1,covid,135,1.1146,1.0341,0.526,0.307,0.997
moirai2_small,platinum_fut,1,ukraine,131,1.0521,1.025,0.481,0.681,0.893
moirai2_small,platinum_fut,5,ALL,2803,0.9966,1.0138,0.49,0.839,0.456
moirai2_small,platinum_fut,5,calm,2537,0.9899,1.0128,0.49,0.817,0.383
moirai2_small,platinum_fut,5,covid,135,1.0701,1.0268,0.481,0.655,0.955
moirai2_small,platinum_fut,5,ukraine,131,1.0122,1.0151,0.504,0.328,0.605
moirai2_small,platinum_fut,22,ALL,2803,1.0161,1.0211,0.507,0.172,0.64
moirai2_small,platinum_fut,22,calm,2537,1.0102,1.0203,0.508,0.132,0.582
moirai2_small,platinum_fut,22,covid,135,1.0511,1.0126,0.474,0.732,0.862
moirai2_small,platinum_fut,22,ukraine,131,1.1193,1.0521,0.519,0.42,0.679
moirai2_small,corn_fut,1,ALL,2802,1.1342,1.0435,0.488,0.685,1.0
moirai2_small,corn_fut,1,calm,2536,1.1272,1.0431,0.486,0.758,1.0
moirai2_small,corn_fut,1,covid,135,1.1413,1.0744,0.459,0.819,0.99
moirai2_small,corn_fut,1,ukraine,131,1.1611,1.0372,0.565,0.759,0.99
moirai2_small,corn_fut,5,ALL,2802,1.0824,1.0423,0.464,1.0,0.973
moirai2_small,corn_fut,5,calm,2536,1.0823,1.0406,0.457,1.0,0.961
moirai2_small,corn_fut,5,covid,135,1.0251,1.0144,0.511,0.469,0.735
moirai2_small,corn_fut,5,ukraine,131,1.0881,1.0661,0.55,0.063,0.79
moirai2_small,corn_fut,22,ALL,2802,1.1202,1.0672,0.459,1.0,0.98
moirai2_small,corn_fut,22,calm,2536,1.1438,1.0766,0.45,1.0,0.991
moirai2_small,corn_fut,22,covid,135,1.1033,1.0483,0.526,0.21,0.773
moirai2_small,corn_fut,22,ukraine,131,1.0468,1.0077,0.557,0.892,0.6
moirai2_small,wheat_fut,1,ALL,2804,1.0408,1.0298,0.49,0.452,0.99
moirai2_small,wheat_fut,1,calm,2538,1.051,1.0274,0.494,0.344,1.0
moirai2_small,wheat_fut,1,covid,135,1.0789,1.04,0.504,0.28,0.975
moirai2_small,wheat_fut,1,ukraine,131,1.0265,1.0398,0.412,0.902,0.762
moirai2_small,wheat_fut,5,ALL,2804,0.9892,1.0043,0.505,0.182,0.4
moirai2_small,wheat_fut,5,calm,2538,1.0198,1.0099,0.505,0.181,0.92
moirai2_small,wheat_fut,5,covid,135,1.0419,1.026,0.444,0.67,0.952
moirai2_small,wheat_fut,5,ukraine,131,0.9607,0.9728,0.565,0.077,0.317
moirai2_small,wheat_fut,22,ALL,2804,0.9646,0.9971,0.533,0.0,0.27
moirai2_small,wheat_fut,22,calm,2538,0.9917,0.9916,0.543,0.0,0.359
moirai2_small,wheat_fut,22,covid,135,1.0348,1.0247,0.378,0.94,0.814
moirai2_small,wheat_fut,22,ukraine,131,0.9379,1.0153,0.504,0.425,0.308
moirai2_small,soybean_fut,1,ALL,2804,1.1069,1.0437,0.504,0.129,1.0
moirai2_small,soybean_fut,1,calm,2538,1.0883,1.0405,0.502,0.164,1.0
moirai2_small,soybean_fut,1,covid,135,1.0435,1.0214,0.511,0.393,0.826
moirai2_small,soybean_fut,1,ukraine,131,1.1665,1.0734,0.534,0.431,0.999
moirai2_small,soybean_fut,5,ALL,2804,1.0415,1.0219,0.49,0.719,0.959
moirai2_small,soybean_fut,5,calm,2538,1.051,1.0245,0.488,0.791,0.977
moirai2_small,soybean_fut,5,covid,135,1.0357,1.0249,0.511,0.272,0.759
moirai2_small,soybean_fut,5,ukraine,131,1.0105,1.0001,0.519,0.445,0.566
moirai2_small,soybean_fut,22,ALL,2804,1.0857,1.0494,0.473,0.996,0.954
moirai2_small,soybean_fut,22,calm,2538,1.0862,1.0474,0.47,0.998,0.946
moirai2_small,soybean_fut,22,covid,135,1.1841,1.1087,0.504,0.08,0.906
moirai2_small,soybean_fut,22,ukraine,131,1.0735,1.058,0.511,0.782,0.657
