target_date,origin_date,actual,origin_price,q05,q10,q25,q50,q75,q90,q95
2023-01-03,2022-12-23,76.93000030517578,79.55999755859375,76.45018768310547,76.45018768310547,78.76542663574219,81.367919921875,83.86994171142578,85.91900634765625,85.91900634765625
2023-01-04,2022-12-27,72.83999633789062,79.52999877929688,76.9783935546875,76.9783935546875,79.28097534179688,81.86219787597656,84.34524536132812,86.38243865966797,86.38243865966797
2023-01-05,2022-12-28,73.66999816894531,78.95999908447266,76.06021118164062,76.06021118164062,78.36659240722656,80.96483612060547,83.46278381347656,85.49010467529297,85.49010467529297
2023-01-06,2022-12-29,73.7699966430664,78.4000015258789,75.24747467041016,75.24747467041016,77.5616683959961,80.15306854248047,82.65989685058594,84.6966323852539,84.6966323852539
2023-01-09,2022-12-30,74.62999725341797,80.26000213623047,76.908447265625,76.908447265625,79.21516418457031,81.78399658203125,84.27153015136719,86.29609680175781,86.29609680175781
2023-01-10,2023-01-03,75.12000274658203,76.93000030517578,74.01593017578125,74.01593017578125,76.39558410644531,79.04015350341797,81.64896392822266,83.82414245605469,83.82414245605469
2023-01-11,2023-01-04,77.41000366210938,72.83999633789062,69.66230773925781,69.66230773925781,72.32264709472656,75.40023803710938,78.5174789428711,81.171142578125,81.171142578125
2023-01-12,2023-01-05,78.38999938964844,73.66999816894531,70.96283721923828,70.96283721923828,73.48033142089844,76.33563232421875,79.22590637207031,81.69552612304688,81.69552612304688
2023-01-13,2023-01-06,79.86000061035156,73.7699966430664,71.225830078125,71.225830078125,73.70693969726562,76.46427154541016,79.2365493774414,81.59178161621094,81.59178161621094
2023-01-17,2023-01-09,80.18000030517578,74.62999725341797,71.12974548339844,71.12974548339844,73.61335754394531,76.2911376953125,78.99101257324219,81.34957122802734,81.34957122802734
2023-01-18,2023-01-10,79.4800033569336,75.12000274658203,71.03135681152344,71.03135681152344,73.54148864746094,76.2228012084961,78.95720672607422,81.4026107788086,81.4026107788086
2023-01-19,2023-01-11,80.33000183105469,77.41000366210938,72.70207214355469,72.70207214355469,75.216552734375,77.86857604980469,80.54310607910156,82.91838836669922,82.91838836669922
2023-01-20,2023-01-12,81.30999755859375,78.38999938964844,73.40579223632812,73.40579223632812,75.96348571777344,78.64289855957031,81.37690734863281,83.85736846923828,83.85736846923828
2023-01-23,2023-01-13,81.62000274658203,79.86000061035156,74.65922546386719,74.65922546386719,77.2666244506836,79.9854507446289,82.7188720703125,85.16304779052734,85.16304779052734
2023-01-24,2023-01-17,80.12999725341797,80.18000030517578,74.31373596191406,74.31373596191406,77.05108642578125,79.96129608154297,82.8701400756836,85.52369689941406,85.52369689941406
2023-01-25,2023-01-18,80.1500015258789,79.4800033569336,73.3807144165039,73.3807144165039,76.02464294433594,78.84248352050781,81.66827392578125,84.2156982421875,84.2156982421875
2023-01-26,2023-01-19,81.01000213623047,80.33000183105469,74.34130096435547,74.34130096435547,76.9103012084961,79.59711456298828,82.25570678710938,84.63068389892578,84.63068389892578
2023-01-27,2023-01-20,79.68000030517578,81.30999755859375,75.24927520751953,75.24927520751953,77.90292358398438,80.5853271484375,83.24907684326172,85.67286682128906,85.67286682128906
2023-01-30,2023-01-23,77.9000015258789,81.62000274658203,75.3569564819336,75.3569564819336,78.07588195800781,80.85529327392578,83.57283020019531,85.98243713378906,85.98243713378906
2023-01-31,2023-01-24,78.87000274658203,80.12999725341797,73.90396118164062,73.90396118164062,76.59953308105469,79.2777328491211,81.89700317382812,84.30927276611328,84.30927276611328
2023-02-01,2023-01-25,76.41000366210938,80.1500015258789,74.44020080566406,74.44020080566406,77.02364349365234,79.59777069091797,82.15225219726562,84.56034088134766,84.56034088134766
2023-02-02,2023-01-26,75.87999725341797,81.01000213623047,75.62852478027344,75.62852478027344,78.18101501464844,80.74899291992188,83.32070922851562,85.733154296875,85.733154296875
2023-02-03,2023-01-27,73.38999938964844,79.68000030517578,73.55087280273438,73.55087280273438,76.1168441772461,78.71529388427734,81.2869873046875,83.68905639648438,83.68905639648438
2023-02-06,2023-01-30,74.11000061035156,77.9000015258789,71.70475006103516,71.70475006103516,74.19549560546875,76.73330688476562,79.25813293457031,81.53004455566406,81.53004455566406
2023-02-07,2023-01-31,77.13999938964844,78.87000274658203,72.94048309326172,72.94048309326172,75.39128875732422,77.8924789428711,80.37016296386719,82.54596710205078,82.54596710205078
2023-02-08,2023-02-01,78.47000122070312,76.41000366210938,69.95870208740234,69.95870208740234,72.37516784667969,74.76520538330078,77.17949676513672,79.37509155273438,79.37509155273438
2023-02-09,2023-02-02,78.05999755859375,75.87999725341797,69.31439208984375,69.31439208984375,71.71058654785156,74.09635925292969,76.5039291381836,78.71231842041016,78.71231842041016
2023-02-10,2023-02-03,79.72000122070312,73.38999938964844,66.76532745361328,66.76532745361328,69.2044677734375,71.68539428710938,74.20344543457031,76.51524353027344,76.51524353027344
2023-02-13,2023-02-06,80.13999938964844,74.11000061035156,67.57135009765625,67.57135009765625,69.96128845214844,72.38569641113281,74.84561157226562,77.14213562011719,77.14213562011719
2023-02-14,2023-02-07,79.05999755859375,77.13999938964844,69.8451156616211,69.8451156616211,72.46351623535156,75.16248321533203,77.865966796875,80.33737182617188,80.33737182617188
2023-02-15,2023-02-08,78.58999633789062,78.47000122070312,70.23881530761719,70.23881530761719,72.81195068359375,75.48387908935547,78.160888671875,80.64894104003906,80.64894104003906
2023-02-16,2023-02-09,78.48999786376953,78.05999755859375,69.48621368408203,69.48621368408203,71.99105072021484,74.56531524658203,77.13530731201172,79.5079345703125,79.5079345703125
2023-02-17,2023-02-10,76.33999633789062,79.72000122070312,70.82069396972656,70.82069396972656,73.4132080078125,76.1167984008789,78.79637145996094,81.22235107421875,81.22235107421875
2023-02-21,2023-02-13,76.16000366210938,80.13999938964844,70.75518798828125,70.75518798828125,73.46929931640625,76.30376434326172,79.13117980957031,81.71527862548828,81.71527862548828
2023-02-22,2023-02-14,73.94999694824219,79.05999755859375,69.58049011230469,69.58049011230469,72.29167938232422,75.05909729003906,77.76141357421875,80.15535736083984,80.15535736083984
2023-02-23,2023-02-15,75.38999938964844,78.58999633789062,68.87708282470703,68.87708282470703,71.6117172241211,74.403564453125,77.11737060546875,79.55856323242188,79.55856323242188
2023-02-24,2023-02-16,76.31999969482422,78.48999786376953,68.47972106933594,68.47972106933594,71.17733764648438,74.03062438964844,76.84434509277344,79.375244140625,79.375244140625
2023-02-27,2023-02-17,75.68000030517578,76.33999633789062,67.59491729736328,67.59491729736328,70.1087417602539,72.6679916381836,75.21664428710938,77.51766204833984,77.51766204833984
2023-02-28,2023-02-21,77.05000305175781,76.16000366210938,67.59903717041016,67.59903717041016,70.16851043701172,72.77709197998047,75.32752990722656,77.59815216064453,77.59815216064453
2023-03-01,2023-02-22,77.69000244140625,73.94999694824219,65.89127349853516,65.89127349853516,68.4533920288086,71.0787582397461,73.62728881835938,75.84520721435547,75.84520721435547
2023-03-02,2023-02-23,78.16000366210938,75.38999938964844,68.30088806152344,68.30088806152344,70.76278686523438,73.29757690429688,75.79859161376953,77.96629333496094,77.96629333496094
2023-03-03,2023-02-24,79.68000030517578,76.31999969482422,69.02326202392578,69.02326202392578,71.44859313964844,73.94522857666016,76.41471862792969,78.59168243408203,78.59168243408203
2023-03-06,2023-02-27,80.45999908447266,75.68000030517578,68.97612762451172,68.97612762451172,71.43251037597656,73.9542236328125,76.44473266601562,78.69182586669922,78.69182586669922
2023-03-07,2023-02-28,77.58000183105469,77.05000305175781,70.02811431884766,70.02811431884766,72.58381652832031,75.22612762451172,77.8243408203125,80.16551971435547,80.16551971435547
2023-03-08,2023-03-01,76.66000366210938,77.69000244140625,70.13778686523438,70.13778686523438,72.70236206054688,75.3817138671875,78.0312728881836,80.43173217773438,80.43173217773438
2023-03-09,2023-03-02,75.72000122070312,78.16000366210938,71.45487976074219,71.45487976074219,73.954345703125,76.5494384765625,79.10990905761719,81.37977600097656,81.37977600097656
2023-03-10,2023-03-03,76.68000030517578,79.68000030517578,72.93091583251953,72.93091583251953,75.48121643066406,78.10987854003906,80.70077514648438,83.02262115478516,83.02262115478516
2023-03-13,2023-03-06,74.80000305175781,80.45999908447266,74.01006317138672,74.01006317138672,76.53504180908203,79.10621643066406,81.61140441894531,83.81440734863281,83.81440734863281
2023-03-14,2023-03-07,71.33000183105469,77.58000183105469,70.98106384277344,70.98106384277344,73.48597717285156,75.98895263671875,78.4002685546875,80.50850677490234,80.50850677490234
2023-03-15,2023-03-08,67.61000061035156,76.66000366210938,70.21923828125,70.21923828125,72.80377197265625,75.39434051513672,77.91683959960938,80.18446350097656,80.18446350097656
2023-03-16,2023-03-09,68.3499984741211,75.72000122070312,69.78357696533203,69.78357696533203,72.30937957763672,74.84381866455078,77.31004333496094,79.48204040527344,79.48204040527344
2023-03-17,2023-03-10,66.73999786376953,76.68000030517578,70.46965789794922,70.46965789794922,73.02706909179688,75.59222412109375,78.0568618774414,80.23246765136719,80.23246765136719
2023-03-20,2023-03-13,67.63999938964844,74.80000305175781,68.89027404785156,68.89027404785156,71.23286437988281,73.62869262695312,75.99945068359375,78.13288879394531,78.13288879394531
2023-03-21,2023-03-14,69.33000183105469,71.33000183105469,66.006591796875,66.006591796875,68.5209732055664,71.08653259277344,73.61637878417969,75.85198974609375,75.85198974609375
2023-03-22,2023-03-15,70.9000015258789,67.61000061035156,62.05078887939453,62.05078887939453,64.71852111816406,67.49527740478516,70.2193374633789,72.5563735961914,72.5563735961914
2023-03-23,2023-03-16,69.95999908447266,68.3499984741211,63.253562927246094,63.253562927246094,65.7520751953125,68.3263168334961,70.86993408203125,73.07010650634766,73.07010650634766
2023-03-24,2023-03-17,69.26000213623047,66.73999786376953,61.611663818359375,61.611663818359375,63.96426773071289,66.46665954589844,68.97335815429688,71.14161682128906,71.14161682128906
2023-03-27,2023-03-20,72.80999755859375,67.63999938964844,62.78130340576172,62.78130340576172,65.02078247070312,67.383544921875,69.77750396728516,71.90267181396484,71.90267181396484
2023-03-28,2023-03-21,73.19999694824219,69.33000183105469,64.43846893310547,64.43846893310547,66.64302062988281,68.9374771118164,71.29239654541016,73.42315673828125,73.42315673828125
2023-03-29,2023-03-22,72.97000122070312,70.9000015258789,66.09578704833984,66.09578704833984,68.422119140625,70.81044006347656,73.20242309570312,75.30791473388672,75.30791473388672
2023-03-30,2023-03-23,74.37000274658203,69.95999908447266,64.84962463378906,64.84962463378906,67.16224670410156,69.48749542236328,71.76296997070312,73.76348876953125,73.76348876953125
2023-03-31,2023-03-24,75.66999816894531,69.26000213623047,64.26705932617188,64.26705932617188,66.56973266601562,68.89773559570312,71.1807632446289,73.15923309326172,73.15923309326172
2023-04-03,2023-03-27,80.41999816894531,72.80999755859375,67.36782836914062,67.36782836914062,69.78649139404297,72.24515533447266,74.70528411865234,76.88734436035156,76.88734436035156
2023-04-04,2023-03-28,80.70999908447266,73.19999694824219,67.777099609375,67.777099609375,70.21846008300781,72.66641235351562,75.06464385986328,77.15524291992188,77.15524291992188
2023-04-05,2023-03-29,80.61000061035156,72.97000122070312,67.25531005859375,67.25531005859375,69.62223815917969,71.97257995605469,74.25953674316406,76.2187271118164,76.2187271118164
2023-04-06,2023-03-30,80.69999694824219,74.37000274658203,68.68028259277344,68.68028259277344,71.09161376953125,73.51132202148438,75.87925720214844,77.92733764648438,77.92733764648438
2023-04-10,2023-03-31,79.73999786376953,75.66999816894531,70.21830749511719,70.21830749511719,72.60881042480469,75.01445007324219,77.36642456054688,79.355224609375,79.355224609375
2023-04-11,2023-04-03,81.52999877929688,80.41999816894531,74.03056335449219,74.03056335449219,76.78672790527344,79.7153091430664,82.61649322509766,85.14958953857422,85.14958953857422
2023-04-12,2023-04-04,83.26000213623047,80.70999908447266,74.081298828125,74.081298828125,76.7546157836914,79.54725646972656,82.29219818115234,84.67156982421875,84.67156982421875
2023-04-13,2023-04-05,82.16000366210938,80.61000061035156,74.71336364746094,74.71336364746094,77.21112823486328,79.76310729980469,82.263671875,84.37049865722656,84.37049865722656
2023-04-14,2023-04-06,82.5199966430664,80.69999694824219,74.95510864257812,74.95510864257812,77.4595947265625,79.99221801757812,82.42382049560547,84.39421844482422,84.39421844482422
2023-04-17,2023-04-10,80.83000183105469,79.73999786376953,73.95511627197266,73.95511627197266,76.39210510253906,78.84027099609375,81.19584655761719,83.07771301269531,83.07771301269531
2023-04-18,2023-04-11,80.86000061035156,81.52999877929688,75.90503692626953,75.90503692626953,78.30999755859375,80.79561614990234,83.22639465332031,85.19979095458984,85.19979095458984
2023-04-19,2023-04-12,79.16000366210938,83.26000213623047,77.4913330078125,77.4913330078125,79.9121322631836,82.43814086914062,84.927734375,86.9619369506836,86.9619369506836
2023-04-20,2023-04-13,77.29000091552734,82.16000366210938,77.29084777832031,77.29084777832031,79.60749053955078,81.97274780273438,84.27622985839844,86.11339569091797,86.11339569091797
2023-04-21,2023-04-14,77.87000274658203,82.5199966430664,77.76052856445312,77.76052856445312,80.06639099121094,82.38836669921875,84.62602233886719,86.3526840209961,86.3526840209961
2023-04-24,2023-04-17,78.76000213623047,80.83000183105469,76.24211883544922,76.24211883544922,78.599365234375,80.93353271484375,83.16136169433594,84.88319396972656,84.88319396972656
2023-04-25,2023-04-18,77.06999969482422,80.86000061035156,76.5217056274414,76.5217056274414,78.89873504638672,81.25468444824219,83.50968933105469,85.24311828613281,85.24311828613281
2023-04-26,2023-04-19,74.30000305175781,79.16000366210938,74.34196472167969,74.34196472167969,76.89653015136719,79.39454650878906,81.77107238769531,83.67163848876953,83.67163848876953
2023-04-27,2023-04-20,74.76000213623047,77.29000091552734,72.5553970336914,72.5553970336914,75.18986511230469,77.76219177246094,80.22966003417969,82.22749328613281,82.22749328613281
2023-04-28,2023-04-21,76.77999877929688,77.87000274658203,73.65105438232422,73.65105438232422,76.21253204345703,78.71284484863281,81.10896301269531,83.0423812866211,83.0423812866211
2023-05-01,2023-04-24,75.66000366210938,78.76000213623047,74.67961120605469,74.67961120605469,77.1775131225586,79.63127136230469,82.00447082519531,83.94902801513672,83.94902801513672
2023-05-02,2023-04-25,71.66000366210938,77.06999969482422,72.8077392578125,72.8077392578125,75.28763580322266,77.69007873535156,79.99635314941406,81.86431121826172,81.86431121826172
2023-05-03,2023-04-26,68.5999984741211,74.30000305175781,69.33782958984375,69.33782958984375,72.08418273925781,74.761962890625,77.34529876708984,79.4818344116211,79.4818344116211
2023-05-04,2023-04-27,68.55999755859375,74.76000213623047,69.617431640625,69.617431640625,72.20237731933594,74.73625183105469,77.21339416503906,79.30879974365234,79.30879974365234
2023-05-05,2023-04-28,71.33999633789062,76.77999877929688,71.84666442871094,71.84666442871094,74.3255615234375,76.794677734375,79.23566436767578,81.25457000732422,81.25457000732422
2023-05-08,2023-05-01,73.16000366210938,75.66000366210938,70.59658813476562,70.59658813476562,73.09133911132812,75.52843475341797,77.8835220336914,79.78609466552734,79.78609466552734
2023-05-09,2023-05-02,73.70999908447266,71.66000366210938,66.14404296875,66.14404296875,68.899169921875,71.64808654785156,74.31484985351562,76.46626281738281,76.46626281738281
2023-05-10,2023-05-03,72.55999755859375,68.5999984741211,63.02576446533203,63.02576446533203,65.88693237304688,68.81844329833984,71.68685913085938,74.0155258178711,74.0155258178711
2023-05-11,2023-05-04,70.87000274658203,68.55999755859375,63.3980712890625,63.3980712890625,66.08704376220703,68.83267211914062,71.52203369140625,73.7142562866211,73.7142562866211
2023-05-12,2023-05-05,70.04000091552734,71.33999633789062,66.69966125488281,66.69966125488281,69.31196594238281,71.9892349243164,74.64883422851562,76.82156372070312,76.82156372070312
2023-05-15,2023-05-08,71.11000061035156,73.16000366210938,68.56534576416016,68.56534576416016,71.06600952148438,73.6251220703125,76.1641616821289,78.1842041015625,78.1842041015625
2023-05-16,2023-05-09,70.86000061035156,73.70999908447266,68.68675231933594,68.68675231933594,71.17927551269531,73.72508239746094,76.2325668334961,78.22858428955078,78.22858428955078
2023-05-17,2023-05-10,72.83000183105469,72.55999755859375,67.85260009765625,67.85260009765625,70.35980987548828,72.90147399902344,75.38160705566406,77.34815979003906,77.34815979003906
2023-05-18,2023-05-11,71.86000061035156,70.87000274658203,66.0055160522461,66.0055160522461,68.66909790039062,71.3425521850586,73.94263458251953,76.05984497070312,76.05984497070312
2023-05-19,2023-05-12,71.55000305175781,70.04000091552734,65.54325103759766,65.54325103759766,68.17518615722656,70.79145812988281,73.35295104980469,75.42628479003906,75.42628479003906
2023-05-22,2023-05-15,71.98999786376953,71.11000061035156,66.96739196777344,66.96739196777344,69.5164794921875,72.05326080322266,74.56086730957031,76.58293151855469,76.58293151855469
2023-05-23,2023-05-16,72.91000366210938,70.86000061035156,66.97384643554688,66.97384643554688,69.53269958496094,72.0872802734375,74.6152114868164,76.69895935058594,76.69895935058594
2023-05-24,2023-05-17,74.33999633789062,72.83000183105469,69.32707977294922,69.32707977294922,71.77545166015625,74.18338012695312,76.54701232910156,78.43446350097656,78.43446350097656
2023-05-25,2023-05-18,71.83000183105469,71.86000061035156,67.7202377319336,67.7202377319336,70.21644592285156,72.68760681152344,75.12533569335938,77.11969757080078,77.11969757080078
2023-05-26,2023-05-19,72.66999816894531,71.55000305175781,67.19252014160156,67.19252014160156,69.65676879882812,72.1225357055664,74.57286071777344,76.60652160644531,76.60652160644531
2023-05-30,2023-05-22,69.45999908447266,71.98999786376953,68.0653076171875,68.0653076171875,70.45503234863281,72.85092163085938,75.24093627929688,77.21761322021484,77.21761322021484
2023-05-31,2023-05-23,68.08999633789062,72.91000366210938,69.05416107177734,69.05416107177734,71.42085266113281,73.77101135253906,76.08615112304688,77.98133087158203,77.98133087158203
2023-06-01,2023-05-24,70.0999984741211,74.33999633789062,70.32159423828125,70.32159423828125,72.6578140258789,74.98332214355469,77.28025817871094,79.13382720947266,79.13382720947266
2023-06-02,2023-05-25,71.73999786376953,71.83000183105469,67.43150329589844,67.43150329589844,69.87683868408203,72.35366821289062,74.80757904052734,76.8093490600586,76.8093490600586
2023-06-05,2023-05-26,72.1500015258789,72.66999816894531,68.17279052734375,68.17279052734375,70.51431274414062,72.8885269165039,75.24114990234375,77.14846801757812,77.14846801757812
2023-06-06,2023-05-30,71.73999786376953,69.45999908447266,64.78658294677734,64.78658294677734,67.34478759765625,69.99576568603516,72.6350326538086,74.79676818847656,74.79676818847656
2023-06-07,2023-05-31,72.52999877929688,68.08999633789062,63.53940200805664,63.53940200805664,66.20591735839844,68.92156982421875,71.60205078125,73.75902557373047,73.75902557373047
2023-06-08,2023-06-01,71.29000091552734,70.0999984741211,66.20280456542969,66.20280456542969,68.69580078125,71.20364379882812,73.68211364746094,75.66990661621094,75.66990661621094
2023-06-09,2023-06-02,70.16999816894531,71.73999786376953,68.04762268066406,68.04762268066406,70.50047302246094,72.98651885986328,75.45529174804688,77.43468475341797,77.43468475341797
2023-06-12,2023-06-05,67.12000274658203,72.1500015258789,68.49524688720703,68.49524688720703,70.90889739990234,73.31222534179688,75.68171691894531,77.62599182128906,77.62599182128906
2023-06-13,2023-06-06,69.41999816894531,71.73999786376953,68.37969970703125,68.37969970703125,70.70262908935547,72.98218536376953,75.21624755859375,77.0425796508789,77.0425796508789
2023-06-14,2023-06-07,68.2699966430664,72.52999877929688,69.26225280761719,69.26225280761719,71.47335815429688,73.6264419555664,75.73904418945312,77.48658752441406,77.48658752441406
2023-06-15,2023-06-08,70.62000274658203,71.29000091552734,68.24579620361328,68.24579620361328,70.46786499023438,72.62842559814453,74.73568725585938,76.51390838623047,76.51390838623047
2023-06-16,2023-06-09,71.77999877929688,70.16999816894531,67.30563354492188,67.30563354492188,69.55058288574219,71.74736022949219,73.91053009033203,75.69190979003906,75.69190979003906
2023-06-20,2023-06-12,70.5,67.12000274658203,64.21976470947266,64.21976470947266,66.69208526611328,69.1858901977539,71.65937805175781,73.69116973876953,73.69116973876953
2023-06-21,2023-06-13,72.52999877929688,69.41999816894531,66.4039306640625,66.4039306640625,68.71635437011719,71.0451431274414,73.38385009765625,75.32366180419922,75.32366180419922
2023-06-22,2023-06-14,69.51000213623047,68.2699966430664,65.49549865722656,65.49549865722656,67.77706146240234,70.07889556884766,72.34542846679688,74.20911407470703,74.20911407470703
2023-06-23,2023-06-15,69.16000366210938,70.62000274658203,67.23391723632812,67.23391723632812,69.56538391113281,71.87384033203125,74.1253662109375,75.98821258544922,75.98821258544922
2023-06-26,2023-06-16,69.37000274658203,71.77999877929688,68.48799133300781,68.48799133300781,70.70419311523438,72.87985229492188,75.00592041015625,76.72147369384766,76.72147369384766
2023-06-27,2023-06-20,67.69999694824219,70.5,67.12945556640625,67.12945556640625,69.3301010131836,71.50176239013672,73.63179016113281,75.37586975097656,75.37586975097656
2023-06-28,2023-06-21,69.55999755859375,72.52999877929688,68.69023895263672,68.69023895263672,70.83451080322266,72.92920684814453,74.9828872680664,76.68974304199219,76.68974304199219
2023-06-29,2023-06-22,69.86000061035156,69.51000213623047,65.81987762451172,65.81987762451172,68.09185028076172,70.36738586425781,72.57785034179688,74.3798828125,74.3798828125
2023-06-30,2023-06-23,70.63999938964844,69.16000366210938,64.92941284179688,64.92941284179688,67.26792907714844,69.59811401367188,71.86833953857422,73.67972564697266,73.67972564697266
2023-07-03,2023-06-26,69.79000091552734,69.37000274658203,65.00386810302734,65.00386810302734,67.261962890625,69.53351593017578,71.77423095703125,73.57850646972656,73.57850646972656
2023-07-05,2023-06-27,71.79000091552734,67.69999694824219,64.03536987304688,64.03536987304688,66.36839294433594,68.74250030517578,71.0455551147461,72.90386962890625,72.90386962890625
2023-07-06,2023-06-28,71.80000305175781,69.55999755859375,65.30606842041016,65.30606842041016,67.52395629882812,69.76400756835938,71.971923828125,73.79299926757812,73.79299926757812
2023-07-07,2023-06-29,73.86000061035156,69.86000061035156,65.78660583496094,65.78660583496094,67.94906616210938,70.12147521972656,72.27587127685547,74.04537963867188,74.04537963867188
2023-07-10,2023-06-30,72.98999786376953,70.63999938964844,66.69470977783203,66.69470977783203,68.80204010009766,70.91117858886719,73.00633239746094,74.74021911621094,74.74021911621094
2023-07-11,2023-07-03,74.83000183105469,69.79000091552734,66.45684814453125,66.45684814453125,68.52975463867188,70.60575103759766,72.64400482177734,74.34921264648438,74.34921264648438
2023-07-12,2023-07-05,75.75,71.79000091552734,68.29891967773438,68.29891967773438,70.25222778320312,72.19889068603516,74.12300872802734,75.68114471435547,75.68114471435547
2023-07-13,2023-07-06,76.88999938964844,71.80000305175781,68.22035217285156,68.22035217285156,70.26094055175781,72.29056549072266,74.27703857421875,75.87086486816406,75.87086486816406
2023-07-14,2023-07-07,75.41999816894531,73.86000061035156,70.0000991821289,70.0000991821289,72.05115509033203,74.12651062011719,76.19670867919922,77.89134979248047,77.89134979248047
2023-07-17,2023-07-10,74.1500015258789,72.98999786376953,69.23295593261719,69.23295593261719,71.2481460571289,73.265869140625,75.23681640625,76.81853485107422,76.81853485107422
2023-07-18,2023-07-11,75.75,74.83000183105469,70.5185317993164,70.5185317993164,72.57389831542969,74.58151245117188,76.51454162597656,78.05899810791016,78.05899810791016
2023-07-19,2023-07-12,75.3499984741211,75.75,71.24964904785156,71.24964904785156,73.32687377929688,75.34660339355469,77.29624938964844,78.84136962890625,78.84136962890625
2023-07-20,2023-07-13,75.62999725341797,76.88999938964844,72.65412902832031,72.65412902832031,74.760986328125,76.83516693115234,78.8770751953125,80.53024291992188,80.53024291992188
2023-07-21,2023-07-14,77.06999969482422,75.41999816894531,71.76934051513672,71.76934051513672,73.8200912475586,75.79373168945312,77.71366882324219,79.28330993652344,79.28330993652344
2023-07-24,2023-07-17,78.73999786376953,74.1500015258789,70.54264068603516,70.54264068603516,72.65744018554688,74.74230194091797,76.7918701171875,78.47772216796875,78.47772216796875
2023-07-25,2023-07-18,79.62999725341797,75.75,71.93757629394531,71.93757629394531,74.01978302001953,76.05461883544922,78.05389404296875,79.64759826660156,79.64759826660156
2023-07-26,2023-07-19,78.77999877929688,75.3499984741211,71.79815673828125,71.79815673828125,73.87937927246094,75.92671966552734,77.95262145996094,79.5826187133789,79.5826187133789
2023-07-27,2023-07-20,80.08999633789062,75.62999725341797,72.19587707519531,72.19587707519531,74.23330688476562,76.2313232421875,78.2071533203125,79.78671264648438,79.78671264648438
2023-07-28,2023-07-21,80.58000183105469,77.06999969482422,73.54049682617188,73.54049682617188,75.53013610839844,77.46075439453125,79.36305236816406,80.90359497070312,80.90359497070312
2023-07-31,2023-07-24,81.80000305175781,78.73999786376953,75.11495971679688,75.11495971679688,77.11253356933594,79.04549407958984,80.95465087890625,82.49513244628906,82.49513244628906
2023-08-01,2023-07-25,81.37000274658203,79.62999725341797,76.07807159423828,76.07807159423828,78.04133605957031,79.93568420410156,81.80307006835938,83.30360412597656,83.30360412597656
2023-08-02,2023-07-26,79.48999786376953,78.77999877929688,75.96926879882812,75.96926879882812,77.90489196777344,79.7647705078125,81.6009750366211,83.09432220458984,83.09432220458984
2023-08-03,2023-07-27,81.55000305175781,80.08999633789062,77.07125091552734,77.07125091552734,79.04716491699219,80.92383575439453,82.75304412841797,84.214599609375,84.214599609375
2023-08-04,2023-07-28,82.81999969482422,80.58000183105469,77.63587188720703,77.63587188720703,79.64715576171875,81.55690002441406,83.39077758789062,84.8519287109375,84.8519287109375
2023-08-07,2023-07-31,81.94000244140625,81.80000305175781,78.63775634765625,78.63775634765625,80.69180297851562,82.67046356201172,84.59956359863281,86.15235137939453,86.15235137939453
2023-08-08,2023-08-01,82.91999816894531,81.37000274658203,78.50110626220703,78.50110626220703,80.53199768066406,82.45755767822266,84.31101989746094,85.79090118408203,85.79090118408203
2023-08-09,2023-08-02,84.4000015258789,79.48999786376953,76.53199005126953,76.53199005126953,78.71551513671875,80.7521743774414,82.66339111328125,84.15824127197266,84.15824127197266
2023-08-10,2023-08-03,82.81999969482422,81.55000305175781,78.7397232055664,78.7397232055664,80.89096069335938,82.90644073486328,84.8194580078125,86.31417083740234,86.31417083740234
2023-08-11,2023-08-04,83.19000244140625,82.81999969482422,79.93834686279297,79.93834686279297,82.07528686523438,84.11564636230469,86.08423614501953,87.64788818359375,87.64788818359375
2023-08-14,2023-08-07,82.51000213623047,81.94000244140625,79.30513763427734,79.30513763427734,81.33134460449219,83.24728393554688,85.07992553710938,86.5355453491211,86.5355453491211
2023-08-15,2023-08-08,80.98999786376953,82.91999816894531,80.28489685058594,80.28489685058594,82.26596069335938,84.18325805664062,86.03125,87.50984191894531,87.50984191894531
2023-08-16,2023-08-09,79.37999725341797,84.4000015258789,81.07845306396484,81.07845306396484,83.15282440185547,85.17788696289062,87.12742614746094,88.65074920654297,88.65074920654297
2023-08-17,2023-08-10,80.38999938964844,82.81999969482422,79.68344116210938,79.68344116210938,81.736083984375,83.73263549804688,85.65516662597656,87.14469909667969,87.14469909667969
2023-08-18,2023-08-11,81.25,83.19000244140625,80.22171783447266,80.22171783447266,82.23225402832031,84.1877212524414,86.08778381347656,87.5454330444336,87.5454330444336
2023-08-21,2023-08-14,80.72000122070312,82.51000213623047,80.27476501464844,80.27476501464844,82.207275390625,84.07002258300781,85.8686752319336,87.2464370727539,87.2464370727539
2023-08-22,2023-08-15,80.3499984741211,80.98999786376953,79.02604675292969,79.02604675292969,81.06869506835938,83.0400390625,84.93528747558594,86.37930297851562,86.37930297851562
2023-08-23,2023-08-16,78.88999938964844,79.37999725341797,77.36036682128906,77.36036682128906,79.49916076660156,81.59651947021484,83.61856079101562,85.16332244873047,85.16332244873047
2023-08-24,2023-08-17,79.05000305175781,80.38999938964844,78.59547424316406,78.59547424316406,80.610107421875,82.57962799072266,84.5116195678711,86.04601287841797,86.04601287841797
2023-08-25,2023-08-18,79.83000183105469,81.25,79.0210189819336,79.0210189819336,81.05205535888672,83.01216888427734,84.9215316772461,86.41472625732422,86.41472625732422
2023-08-28,2023-08-21,80.0999984741211,80.72000122070312,78.39060974121094,78.39060974121094,80.4801025390625,82.49642181396484,84.43939208984375,85.9662094116211,85.9662094116211
2023-08-29,2023-08-22,81.16000366210938,80.3499984741211,77.86075592041016,77.86075592041016,79.9581298828125,81.99360656738281,83.97843933105469,85.55008697509766,85.55008697509766
2023-08-30,2023-08-23,81.62999725341797,78.88999938964844,76.18982696533203,76.18982696533203,78.32746887207031,80.40703582763672,82.42781066894531,84.03352355957031,84.03352355957031
2023-08-31,2023-08-24,83.62999725341797,79.05000305175781,76.4164047241211,76.4164047241211,78.51873779296875,80.54395294189453,82.51472473144531,84.06806182861328,84.06806182861328
2023-09-01,2023-08-25,85.55000305175781,79.83000183105469,77.37661743164062,77.37661743164062,79.42597961425781,81.41616821289062,83.35423278808594,84.85579681396484,84.85579681396484
2023-09-05,2023-08-28,86.69000244140625,80.0999984741211,77.51752471923828,77.51752471923828,79.51161193847656,81.47595977783203,83.4100341796875,84.91730499267578,84.91730499267578
2023-09-06,2023-08-29,87.54000091552734,81.16000366210938,77.99458312988281,77.99458312988281,79.87857055664062,81.73654174804688,83.5780258178711,85.06005859375,85.06005859375
2023-09-07,2023-08-30,86.87000274658203,81.62999725341797,78.36381530761719,78.36381530761719,80.17698669433594,81.99130249023438,83.7981948852539,85.26554870605469,85.26554870605469
2023-09-08,2023-08-31,87.51000213623047,83.62999725341797,79.78764343261719,79.78764343261719,81.80131530761719,83.83330535888672,85.84925079345703,87.46330261230469,87.46330261230469
2023-09-11,2023-09-01,87.29000091552734,85.55000305175781,81.37592315673828,81.37592315673828,83.43733215332031,85.56668090820312,87.72120666503906,89.45539855957031,89.45539855957031
2023-09-12,2023-09-05,88.83999633789062,86.69000244140625,82.91243743896484,82.91243743896484,84.93290710449219,86.99946594238281,89.09153747558594,90.74590301513672,90.74590301513672
2023-09-13,2023-09-06,88.5199966430664,87.54000091552734,84.14186096191406,84.14186096191406,86.05894470214844,87.96713256835938,89.8654556274414,91.37211608886719,91.37211608886719
2023-09-14,2023-09-07,90.16000366210938,86.87000274658203,83.78538513183594,83.78538513183594,85.7541275024414,87.68653106689453,89.56798553466797,91.0194091796875,91.0194091796875
2023-09-15,2023-09-08,90.7699966430664,87.51000213623047,83.99929809570312,83.99929809570312,86.00938415527344,87.98075866699219,89.86355590820312,91.28958892822266,91.28958892822266
2023-09-18,2023-09-11,91.4800033569336,87.29000091552734,83.81481170654297,83.81481170654297,85.85382080078125,87.82850646972656,89.69691467285156,91.1729965209961,91.1729965209961
2023-09-19,2023-09-12,91.1999969482422,88.83999633789062,84.89163970947266,84.89163970947266,86.97283935546875,88.9732666015625,90.86921691894531,92.35643005371094,92.35643005371094
2023-09-20,2023-09-13,90.27999877929688,88.5199966430664,84.14063262939453,84.14063262939453,86.22528076171875,88.19351959228516,90.03428649902344,91.50028228759766,91.50028228759766
2023-09-21,2023-09-14,89.62999725341797,90.16000366210938,85.36931610107422,85.36931610107422,87.48411560058594,89.4991455078125,91.4171142578125,92.95109558105469,92.95109558105469
2023-09-22,2023-09-15,90.02999877929688,90.7699966430664,86.00364685058594,86.00364685058594,88.13737487792969,90.17950439453125,92.10368347167969,93.64228057861328,93.64228057861328
2023-09-25,2023-09-18,89.68000030517578,91.4800033569336,87.14468383789062,87.14468383789062,89.27985382080078,91.30840301513672,93.17851257324219,94.64452362060547,94.64452362060547
2023-09-26,2023-09-19,90.38999938964844,91.1999969482422,87.75285339355469,87.75285339355469,89.88091278076172,91.93083190917969,93.82489776611328,95.24506378173828,95.24506378173828
2023-09-27,2023-09-20,93.68000030517578,90.27999877929688,86.88552856445312,86.88552856445312,89.03697967529297,91.14387512207031,93.13740539550781,94.66185760498047,94.66185760498047
2023-09-28,2023-09-21,91.70999908447266,89.62999725341797,85.63516235351562,85.63516235351562,87.78407287597656,89.88545989990234,91.87200164794922,93.44011688232422,93.44011688232422
2023-09-29,2023-09-22,90.79000091552734,90.02999877929688,86.0705337524414,86.0705337524414,88.12948608398438,90.17427825927734,92.11289978027344,93.65766143798828,93.65766143798828
2023-10-02,2023-09-25,88.81999969482422,89.68000030517578,85.67082977294922,85.67082977294922,87.75908660888672,89.82255554199219,91.7648696899414,93.28632354736328,93.28632354736328
2023-10-03,2023-09-26,89.2300033569336,90.38999938964844,86.57223510742188,86.57223510742188,88.59716796875,90.63545227050781,92.60151672363281,94.138427734375,94.138427734375
2023-10-04,2023-09-27,84.22000122070312,93.68000030517578,89.87908935546875,89.87908935546875,92.15179443359375,94.55940246582031,96.91547393798828,98.7483901977539,98.7483901977539
2023-10-05,2023-09-28,82.30999755859375,91.70999908447266,87.58800506591797,87.58800506591797,89.66734313964844,91.78579711914062,93.85030364990234,95.49690246582031,95.49690246582031
2023-10-06,2023-09-29,82.79000091552734,90.79000091552734,86.93733215332031,86.93733215332031,89.08710479736328,91.28168487548828,93.39457702636719,95.06910705566406,95.06910705566406
2023-10-09,2023-10-02,86.37999725341797,88.81999969482422,84.58026885986328,84.58026885986328,86.95341491699219,89.3845443725586,91.68351745605469,93.50574493408203,93.50574493408203
2023-10-10,2023-10-03,85.97000122070312,89.2300033569336,85.28466796875,85.28466796875,87.57136535644531,89.9211196899414,92.15129089355469,93.94526672363281,93.94526672363281
2023-10-11,2023-10-04,83.48999786376953,84.22000122070312,79.71212005615234,79.71212005615234,82.34052276611328,85.00306701660156,87.50212097167969,89.5253677368164,89.5253677368164
2023-10-12,2023-10-05,82.91000366210938,82.30999755859375,77.13756561279297,77.13756561279297,79.76807403564453,82.39544677734375,84.86124420166016,86.92357635498047,86.92357635498047
2023-10-13,2023-10-06,87.69000244140625,82.79000091552734,78.13654327392578,78.13654327392578,80.63272094726562,83.15283203125,85.55130004882812,87.5397720336914,87.5397720336914
2023-10-16,2023-10-09,86.66000366210938,86.37999725341797,80.90522766113281,80.90522766113281,83.44912719726562,86.05716705322266,88.52740478515625,90.56755065917969,90.56755065917969
2023-10-17,2023-10-10,86.66000366210938,85.97000122070312,81.0689926147461,81.0689926147461,83.531494140625,86.01872253417969,88.34049224853516,90.20869445800781,90.20869445800781
2023-10-18,2023-10-11,88.31999969482422,83.48999786376953,78.73668670654297,78.73668670654297,81.26664733886719,83.82845306396484,86.23226928710938,88.11001586914062,88.11001586914062
2023-10-19,2023-10-12,89.37000274658203,82.91000366210938,78.39453887939453,78.39453887939453,80.89083099365234,83.44538116455078,85.88365173339844,87.80940246582031,87.80940246582031
2023-10-20,2023-10-13,88.75,87.69000244140625,81.90970611572266,81.90970611572266,84.60443878173828,87.43283081054688,90.15589904785156,92.40145874023438,92.40145874023438
2023-10-23,2023-10-16,85.48999786376953,86.66000366210938,81.2754898071289,81.2754898071289,83.82536315917969,86.4609375,88.93885803222656,90.94699096679688,90.94699096679688
2023-10-24,2023-10-17,83.73999786376953,86.66000366210938,81.67521667480469,81.67521667480469,84.28813171386719,86.99161529541016,89.51237487792969,91.49417877197266,91.49417877197266
2023-10-25,2023-10-18,85.38999938964844,88.31999969482422,83.09597778320312,83.09597778320312,85.62989807128906,88.26713562011719,90.75617980957031,92.71809387207031,92.71809387207031
2023-10-26,2023-10-19,83.20999908447266,89.37000274658203,84.01456451416016,84.01456451416016,86.64571380615234,89.38346099853516,91.96522521972656,94.01031494140625,94.01031494140625
2023-10-27,2023-10-20,85.54000091552734,88.75,83.39991760253906,83.39991760253906,85.82414245605469,88.29623413085938,90.64408111572266,92.57489776611328,92.57489776611328
2023-10-30,2023-10-23,82.30999755859375,85.48999786376953,80.5604248046875,80.5604248046875,83.0986328125,85.72117614746094,88.20370483398438,90.22979736328125,90.22979736328125
2023-10-31,2023-10-24,81.0199966430664,83.73999786376953,78.77224731445312,78.77224731445312,81.41632843017578,84.16026306152344,86.7421646118164,88.8223648071289,88.8223648071289
2023-11-01,2023-10-25,80.44000244140625,85.38999938964844,80.56307983398438,80.56307983398438,83.01402282714844,85.56420135498047,87.98703002929688,89.97799682617188,89.97799682617188
2023-11-02,2023-10-26,82.45999908447266,83.20999908447266,78.49002075195312,78.49002075195312,80.97373962402344,83.5083999633789,85.89049530029297,87.84434509277344,87.84434509277344
2023-11-03,2023-10-27,80.51000213623047,85.54000091552734,80.31277465820312,80.31277465820312,82.65945434570312,85.06214904785156,87.33314514160156,89.22128295898438,89.22128295898438
2023-11-06,2023-10-30,80.81999969482422,82.30999755859375,78.21695709228516,78.21695709228516,80.62321472167969,83.0869369506836,85.4251480102539,87.36743927001953,87.36743927001953
2023-11-07,2023-10-31,77.37000274658203,81.0199966430664,76.55941009521484,76.55941009521484,79.08128356933594,81.64020538330078,84.05742645263672,86.0967788696289,86.0967788696289
2023-11-08,2023-11-01,75.33000183105469,80.44000244140625,76.19275665283203,76.19275665283203,78.71905517578125,81.25308227539062,83.64057159423828,85.6535873413086,85.6535873413086
2023-11-09,2023-11-02,75.73999786376953,82.45999908447266,77.82669067382812,77.82669067382812,80.32740783691406,82.87210845947266,85.28427124023438,87.26783752441406,87.26783752441406
2023-11-10,2023-11-03,77.16999816894531,80.51000213623047,75.9216537475586,75.9216537475586,78.3824462890625,80.89537811279297,83.30659484863281,85.30521392822266,85.30521392822266
2023-11-13,2023-11-06,78.26000213623047,80.81999969482422,75.37657928466797,75.37657928466797,77.84022521972656,80.34757995605469,82.76122283935547,84.82074737548828,84.82074737548828
2023-11-14,2023-11-07,78.26000213623047,77.37000274658203,71.78068542480469,71.78068542480469,74.43528747558594,77.19059753417969,79.8760986328125,82.13082122802734,82.13082122802734
2023-11-15,2023-11-08,76.66000366210938,75.33000183105469,69.62141418457031,69.62141418457031,72.34573364257812,75.18275451660156,77.97494506835938,80.32209014892578,80.32209014892578
2023-11-16,2023-11-09,72.9000015258789,75.73999786376953,70.27000427246094,70.27000427246094,72.82948303222656,75.49748992919922,78.1553726196289,80.41747283935547,80.41747283935547
2023-11-17,2023-11-10,75.88999938964844,77.16999816894531,71.2891845703125,71.2891845703125,73.90472412109375,76.60720825195312,79.27337646484375,81.54006958007812,81.54006958007812
2023-11-20,2023-11-13,77.5999984741211,78.26000213623047,72.24166870117188,72.24166870117188,74.73576354980469,77.30404663085938,79.83667755126953,82.05039978027344,82.05039978027344
2023-11-21,2023-11-14,77.7699966430664,78.26000213623047,72.24239349365234,72.24239349365234,74.6788101196289,77.20327758789062,79.68885040283203,81.85220336914062,81.85220336914062
2023-11-22,2023-11-15,77.0999984741211,76.66000366210938,70.350341796875,70.350341796875,72.83580017089844,75.41583251953125,77.94328308105469,80.123291015625,80.123291015625
2023-11-24,2023-11-16,75.54000091552734,72.9000015258789,66.83539581298828,66.83539581298828,69.45833587646484,72.17211151123047,74.8325424194336,77.12869262695312,77.12869262695312
2023-11-27,2023-11-17,74.86000061035156,75.88999938964844,69.59111785888672,69.59111785888672,72.14253997802734,74.71229553222656,77.21910095214844,79.39680480957031,79.39680480957031
2023-11-28,2023-11-20,76.41000366210938,77.5999984741211,70.86123657226562,70.86123657226562,73.3961410522461,75.93101501464844,78.38251495361328,80.49251556396484,80.49251556396484
2023-11-29,2023-11-21,77.86000061035156,77.7699966430664,71.2175064086914,71.2175064086914,73.76593017578125,76.32139587402344,78.7833251953125,80.92066192626953,80.92066192626953
2023-11-30,2023-11-22,75.95999908447266,77.0999984741211,70.9378890991211,70.9378890991211,73.44007873535156,75.951171875,78.36126708984375,80.46136474609375,80.46136474609375
2023-12-01,2023-11-24,74.06999969482422,75.54000091552734,69.87023162841797,69.87023162841797,72.3727798461914,74.86922454833984,77.24807739257812,79.31642150878906,79.31642150878906
2023-12-04,2023-11-27,73.04000091552734,74.86000061035156,69.47378540039062,69.47378540039062,71.96319580078125,74.44432067871094,76.83720397949219,78.8976821899414,78.8976821899414
2023-12-05,2023-11-28,72.31999969482422,76.41000366210938,71.00967407226562,71.00967407226562,73.44402313232422,75.88500213623047,78.28146362304688,80.37091827392578,80.37091827392578
2023-12-06,2023-11-29,69.37999725341797,77.86000061035156,72.18582916259766,72.18582916259766,74.63047790527344,77.06949615478516,79.44625854492188,81.54676818847656,81.54676818847656
2023-12-07,2023-11-30,69.33999633789062,75.95999908447266,70.91976928710938,70.91976928710938,73.37033081054688,75.84233093261719,78.2802734375,80.4161605834961,80.4161605834961
2023-12-08,2023-12-01,71.2300033569336,74.06999969482422,68.86920928955078,68.86920928955078,71.33687591552734,73.85843658447266,76.33601379394531,78.45372009277344,78.45372009277344
2023-12-11,2023-12-04,71.31999969482422,73.04000091552734,67.7851333618164,67.7851333618164,70.1987533569336,72.67181396484375,75.114501953125,77.2071762084961,77.2071762084961
2023-12-12,2023-12-05,68.61000061035156,72.31999969482422,67.19378662109375,67.19378662109375,69.65802001953125,72.1688232421875,74.64466857910156,76.75740051269531,76.75740051269531
2023-12-13,2023-12-06,69.47000122070312,69.37999725341797,64.29966735839844,64.29966735839844,66.85821533203125,69.46240234375,72.04519653320312,74.23765563964844,74.23765563964844
2023-12-14,2023-12-07,71.58000183105469,69.33999633789062,63.94580841064453,63.94580841064453,66.39262390136719,68.89126586914062,71.40408325195312,73.49122619628906,73.49122619628906
2023-12-15,2023-12-08,71.43000030517578,71.2300033569336,65.8700942993164,65.8700942993164,68.3360824584961,70.8348388671875,73.32368469238281,75.41831970214844,75.41831970214844
2023-12-18,2023-12-11,72.47000122070312,71.31999969482422,65.77555847167969,65.77555847167969,68.1482925415039,70.53315734863281,72.91586303710938,74.96726989746094,74.96726989746094
2023-12-19,2023-12-12,73.44000244140625,68.61000061035156,62.36884307861328,62.36884307861328,64.87611389160156,67.1929931640625,69.49446105957031,71.41531372070312,71.41531372070312
2023-12-20,2023-12-13,74.22000122070312,69.47000122070312,62.84638977050781,62.84638977050781,65.26483154296875,67.5047607421875,69.77468872070312,71.66192626953125,71.66192626953125
2023-12-21,2023-12-14,73.88999938964844,71.58000183105469,64.5804443359375,64.5804443359375,67.02465057373047,69.32945251464844,71.68081665039062,73.6834716796875,73.6834716796875
2023-12-22,2023-12-15,73.55999755859375,71.43000030517578,65.39633178710938,65.39633178710938,67.6668930053711,69.7711181640625,71.88981628417969,73.72867584228516,73.72867584228516
2023-12-26,2023-12-18,75.56999969482422,72.47000122070312,66.95709991455078,66.95709991455078,69.21726989746094,71.42060852050781,73.60739135742188,75.57315063476562,75.57315063476562
2023-12-27,2023-12-19,74.11000061035156,73.44000244140625,67.44285583496094,67.44285583496094,69.70457458496094,71.91896057128906,74.14595031738281,76.11090850830078,76.11090850830078
2023-12-28,2023-12-20,71.7699966430664,74.22000122070312,68.47582244873047,68.47582244873047,70.74970245361328,73.01126098632812,75.29713439941406,77.349609375,77.349609375
2023-12-29,2023-12-21,71.6500015258789,73.88999938964844,68.22752380371094,68.22752380371094,70.4366455078125,72.56790924072266,74.71977233886719,76.66513061523438,76.66513061523438
