series,h,model,gw_stat,gw_p
wti_fut,1,ar5_returns,7.85,0.0197
wti_fut,1,lear_lite,18.32,0.0001
wti_fut,1,garch_t,2.46,0.2919
wti_fut,1,qr_ar,1.89,0.3889
wti_fut,1,chronos_bolt_small,33.16,0.0
wti_fut,1,chronos_bolt_base,23.76,0.0
wti_fut,1,chronos_2,16.81,0.0002
wti_fut,1,chronos_2_lora,16.85,0.0002
wti_fut,1,chronos_2_full,21.43,0.0
wti_fut,1,timesfm_25,4.14,0.1262
wti_fut,1,moirai2_small,12.1,0.0024
wti_fut,5,ar5_returns,2.84,0.242
wti_fut,5,lear_lite,1.7,0.4272
wti_fut,5,garch_t,20.35,0.0
wti_fut,5,qr_ar,-171.63,
wti_fut,5,chronos_bolt_small,18.54,0.0001
wti_fut,5,chronos_bolt_base,8.53,0.014
wti_fut,5,chronos_2,4.65,0.0979
wti_fut,5,chronos_2_lora,4.46,0.1075
wti_fut,5,chronos_2_full,5.46,0.0653
wti_fut,5,timesfm_25,16.05,0.0003
wti_fut,5,moirai2_small,4.92,0.0855
wti_fut,22,ar5_returns,0.23,0.8902
wti_fut,22,lear_lite,2.38,0.3044
wti_fut,22,garch_t,8.15,0.017
wti_fut,22,qr_ar,2.21,0.3314
wti_fut,22,chronos_bolt_small,10.72,0.0047
wti_fut,22,chronos_bolt_base,8.71,0.0128
wti_fut,22,chronos_2,6.66,0.0359
wti_fut,22,chronos_2_lora,5.77,0.0558
wti_fut,22,chronos_2_full,7.39,0.0249
wti_fut,22,timesfm_25,5.51,0.0635
wti_fut,22,moirai2_small,6.9,0.0317
brent_fut,1,ar5_returns,3.21,0.2007
brent_fut,1,lear_lite,10.71,0.0047
brent_fut,1,garch_t,2.43,0.2972
brent_fut,1,qr_ar,9.7,0.0078
brent_fut,1,chronos_bolt_small,117.59,0.0
brent_fut,1,chronos_bolt_base,70.37,0.0
brent_fut,1,chronos_2,7.61,0.0223
brent_fut,1,chronos_2_lora,6.81,0.0332
brent_fut,1,chronos_2_full,51.25,0.0
brent_fut,1,timesfm_25,10.19,0.0061
brent_fut,1,moirai2_small,26.63,0.0
brent_fut,5,ar5_returns,6.23,0.0443
brent_fut,5,lear_lite,8.0,0.0183
brent_fut,5,garch_t,20.97,0.0
brent_fut,5,qr_ar,24.31,0.0
brent_fut,5,chronos_bolt_small,37.82,0.0
brent_fut,5,chronos_bolt_base,22.67,0.0
brent_fut,5,chronos_2,1.66,0.4363
brent_fut,5,chronos_2_lora,1.69,0.4298
brent_fut,5,chronos_2_full,6.71,0.0349
brent_fut,5,timesfm_25,8.57,0.0137
brent_fut,5,moirai2_small,7.69,0.0214
brent_fut,22,ar5_returns,5.22,0.0735
brent_fut,22,lear_lite,10.0,0.0068
brent_fut,22,garch_t,9.19,0.0101
brent_fut,22,qr_ar,5.92,0.0519
brent_fut,22,chronos_bolt_small,14.84,0.0006
brent_fut,22,chronos_bolt_base,12.5,0.0019
brent_fut,22,chronos_2,3.03,0.2195
brent_fut,22,chronos_2_lora,2.91,0.2333
brent_fut,22,chronos_2_full,10.49,0.0053
brent_fut,22,timesfm_25,9.46,0.0088
brent_fut,22,moirai2_small,10.21,0.0061
natgas_fut,1,ar5_returns,2.1,0.3495
natgas_fut,1,lear_lite,0.7,0.7059
natgas_fut,1,garch_t,1.99,0.3688
natgas_fut,1,qr_ar,0.6,0.742
natgas_fut,1,chronos_bolt_small,11.74,0.0028
natgas_fut,1,chronos_bolt_base,14.65,0.0007
natgas_fut,1,chronos_2,5.35,0.0688
natgas_fut,1,chronos_2_lora,3.3,0.192
natgas_fut,1,chronos_2_full,14.89,0.0006
natgas_fut,1,timesfm_25,2.39,0.3026
natgas_fut,1,moirai2_small,15.09,0.0005
natgas_fut,5,ar5_returns,1.31,0.5192
natgas_fut,5,lear_lite,6.21,0.0449
natgas_fut,5,garch_t,7.71,0.0212
natgas_fut,5,qr_ar,1.71,0.4256
natgas_fut,5,chronos_bolt_small,7.74,0.0208
natgas_fut,5,chronos_bolt_base,8.85,0.012
natgas_fut,5,chronos_2,15.04,0.0005
natgas_fut,5,chronos_2_lora,15.71,0.0004
natgas_fut,5,chronos_2_full,10.63,0.0049
natgas_fut,5,timesfm_25,6.09,0.0476
natgas_fut,5,moirai2_small,6.86,0.0324
natgas_fut,22,ar5_returns,4.12,0.1277
natgas_fut,22,lear_lite,3.51,0.173
natgas_fut,22,garch_t,5.67,0.0586
natgas_fut,22,qr_ar,3.79,0.1504
natgas_fut,22,chronos_bolt_small,4.27,0.1183
natgas_fut,22,chronos_bolt_base,5.33,0.0695
natgas_fut,22,chronos_2,2.49,0.2885
natgas_fut,22,chronos_2_lora,2.57,0.2767
natgas_fut,22,chronos_2_full,9.45,0.0089
natgas_fut,22,timesfm_25,3.82,0.1479
natgas_fut,22,moirai2_small,5.9,0.0523
gold_fut,1,ar5_returns,1.99,0.3696
gold_fut,1,lear_lite,0.32,0.8527
gold_fut,1,garch_t,2.68,0.2617
gold_fut,1,qr_ar,0.99,0.6101
gold_fut,1,chronos_bolt_small,8.5,0.0143
gold_fut,1,chronos_bolt_base,11.43,0.0033
gold_fut,1,chronos_2,1.58,0.4529
gold_fut,1,chronos_2_lora,1.0,0.6074
gold_fut,1,chronos_2_full,2.49,0.2884
gold_fut,1,timesfm_25,3.01,0.2224
gold_fut,1,moirai2_small,4.87,0.0876
gold_fut,5,ar5_returns,8.79,0.0123
gold_fut,5,lear_lite,5.99,0.0501
gold_fut,5,garch_t,7.82,0.0201
gold_fut,5,qr_ar,9.96,0.0069
gold_fut,5,chronos_bolt_small,3.91,0.1414
gold_fut,5,chronos_bolt_base,3.05,0.2181
gold_fut,5,chronos_2,4.01,0.135
gold_fut,5,chronos_2_lora,4.48,0.1065
gold_fut,5,chronos_2_full,4.38,0.1122
gold_fut,5,timesfm_25,4.76,0.0924
gold_fut,5,moirai2_small,7.33,0.0256
gold_fut,22,ar5_returns,5.04,0.0805
gold_fut,22,lear_lite,5.32,0.07
gold_fut,22,garch_t,4.38,0.112
gold_fut,22,qr_ar,5.63,0.0598
gold_fut,22,chronos_bolt_small,3.33,0.1896
gold_fut,22,chronos_bolt_base,3.11,0.2108
gold_fut,22,chronos_2,2.43,0.2962
gold_fut,22,chronos_2_lora,2.5,0.2868
gold_fut,22,chronos_2_full,3.13,0.2095
gold_fut,22,timesfm_25,2.36,0.308
gold_fut,22,moirai2_small,2.26,0.3228
silver_fut,1,ar5_returns,0.61,0.7361
silver_fut,1,lear_lite,2.63,0.2686
silver_fut,1,garch_t,3.14,0.2081
silver_fut,1,qr_ar,3.07,0.2153
silver_fut,1,chronos_bolt_small,1.28,0.5275
silver_fut,1,chronos_bolt_base,15.08,0.0005
silver_fut,1,chronos_2,2.08,0.3529
silver_fut,1,chronos_2_lora,2.2,0.3322
silver_fut,1,chronos_2_full,1.56,0.4577
silver_fut,1,timesfm_25,4.43,0.109
silver_fut,1,moirai2_small,0.44,0.8009
silver_fut,5,ar5_returns,11.34,0.0034
silver_fut,5,lear_lite,4.02,0.1337
silver_fut,5,garch_t,5.53,0.0628
silver_fut,5,qr_ar,3.47,0.1764
silver_fut,5,chronos_bolt_small,-0.04,
silver_fut,5,chronos_bolt_base,2.38,0.3039
silver_fut,5,chronos_2,2.17,0.3372
silver_fut,5,chronos_2_lora,2.58,0.2755
silver_fut,5,chronos_2_full,1.38,0.5014
silver_fut,5,timesfm_25,3.9,0.1421
silver_fut,5,moirai2_small,2.6,0.2731
silver_fut,22,ar5_returns,1.57,0.4565
silver_fut,22,lear_lite,1.44,0.4876
silver_fut,22,garch_t,1.44,0.4869
silver_fut,22,qr_ar,2.23,0.3284
silver_fut,22,chronos_bolt_small,1.73,0.421
silver_fut,22,chronos_bolt_base,1.17,0.556
silver_fut,22,chronos_2,1.06,0.5886
silver_fut,22,chronos_2_lora,0.5,0.7777
silver_fut,22,chronos_2_full,1.38,0.5021
silver_fut,22,timesfm_25,3.23,0.1993
silver_fut,22,moirai2_small,1.83,0.4002
copper_fut,1,ar5_returns,3.21,0.2005
copper_fut,1,lear_lite,2.1,0.3499
copper_fut,1,garch_t,6.76,0.034
copper_fut,1,qr_ar,3.25,0.1971
copper_fut,1,chronos_bolt_small,39.51,0.0
copper_fut,1,chronos_bolt_base,43.87,0.0
copper_fut,1,chronos_2,10.8,0.0045
copper_fut,1,chronos_2_lora,11.68,0.0029
copper_fut,1,chronos_2_full,25.66,0.0
copper_fut,1,timesfm_25,5.1,0.0781
copper_fut,1,moirai2_small,17.37,0.0002
copper_fut,5,ar5_returns,10.28,0.0059
copper_fut,5,lear_lite,8.18,0.0168
copper_fut,5,garch_t,7.49,0.0236
copper_fut,5,qr_ar,8.46,0.0146
copper_fut,5,chronos_bolt_small,27.23,0.0
copper_fut,5,chronos_bolt_base,13.46,0.0012
copper_fut,5,chronos_2,13.18,0.0014
copper_fut,5,chronos_2_lora,5.11,0.0779
copper_fut,5,chronos_2_full,4.01,0.1344
copper_fut,5,timesfm_25,3.01,0.2218
copper_fut,5,moirai2_small,26.26,0.0
copper_fut,22,ar5_returns,11.11,0.0039
copper_fut,22,lear_lite,6.49,0.039
copper_fut,22,garch_t,4.58,0.1013
copper_fut,22,qr_ar,11.26,0.0036
copper_fut,22,chronos_bolt_small,4.4,0.1107
copper_fut,22,chronos_bolt_base,6.28,0.0434
copper_fut,22,chronos_2,4.68,0.0965
copper_fut,22,chronos_2_lora,4.65,0.0977
copper_fut,22,chronos_2_full,4.18,0.1238
copper_fut,22,timesfm_25,3.84,0.1466
copper_fut,22,moirai2_small,7.01,0.03
platinum_fut,1,ar5_returns,2.08,0.3543
platinum_fut,1,lear_lite,6.79,0.0336
platinum_fut,1,garch_t,6.44,0.0399
platinum_fut,1,qr_ar,0.08,0.9603
platinum_fut,1,chronos_bolt_small,5.0,0.0821
platinum_fut,1,chronos_bolt_base,11.36,0.0034
platinum_fut,1,chronos_2,2.65,0.2659
platinum_fut,1,chronos_2_lora,2.37,0.3063
platinum_fut,1,chronos_2_full,5.4,0.0672
platinum_fut,1,timesfm_25,3.69,0.1579
platinum_fut,1,moirai2_small,3.01,0.2221
platinum_fut,5,ar5_returns,1.26,0.5332
platinum_fut,5,lear_lite,2.05,0.3585
platinum_fut,5,garch_t,5.48,0.0647
platinum_fut,5,qr_ar,2.07,0.355
platinum_fut,5,chronos_bolt_small,10.39,0.0055
platinum_fut,5,chronos_bolt_base,4.8,0.0906
platinum_fut,5,chronos_2,3.76,0.1526
platinum_fut,5,chronos_2_lora,2.83,0.2428
platinum_fut,5,chronos_2_full,1.63,0.4416
platinum_fut,5,timesfm_25,10.0,0.0067
platinum_fut,5,moirai2_small,6.27,0.0436
platinum_fut,22,ar5_returns,6.22,0.0446
platinum_fut,22,lear_lite,4.02,0.134
platinum_fut,22,garch_t,2.64,0.2675
platinum_fut,22,qr_ar,2.22,0.3298
platinum_fut,22,chronos_bolt_small,13.03,0.0015
platinum_fut,22,chronos_bolt_base,7.38,0.0249
platinum_fut,22,chronos_2,3.3,0.1922
platinum_fut,22,chronos_2_lora,3.23,0.1991
platinum_fut,22,chronos_2_full,6.98,0.0305
platinum_fut,22,timesfm_25,3.08,0.2144
platinum_fut,22,moirai2_small,5.56,0.0622
corn_fut,1,ar5_returns,3.64,0.1619
corn_fut,1,lear_lite,4.14,0.1263
corn_fut,1,garch_t,1.38,0.5025
corn_fut,1,qr_ar,3.68,0.1589
corn_fut,1,chronos_bolt_small,50.25,0.0
corn_fut,1,chronos_bolt_base,42.3,0.0
corn_fut,1,chronos_2,27.74,0.0
corn_fut,1,chronos_2_lora,23.19,0.0
corn_fut,1,chronos_2_full,30.96,0.0
corn_fut,1,timesfm_25,10.44,0.0054
corn_fut,1,moirai2_small,19.63,0.0001
corn_fut,5,ar5_returns,11.13,0.0038
corn_fut,5,lear_lite,6.84,0.0327
corn_fut,5,garch_t,9.55,0.0084
corn_fut,5,qr_ar,14.08,0.0009
corn_fut,5,chronos_bolt_small,6.36,0.0417
corn_fut,5,chronos_bolt_base,8.08,0.0176
corn_fut,5,chronos_2,2.9,0.2343
corn_fut,5,chronos_2_lora,3.18,0.2036
corn_fut,5,chronos_2_full,4.93,0.085
corn_fut,5,timesfm_25,12.24,0.0022
corn_fut,5,moirai2_small,4.63,0.0988
corn_fut,22,ar5_returns,6.63,0.0364
corn_fut,22,lear_lite,4.06,0.1312
corn_fut,22,garch_t,6.04,0.0488
corn_fut,22,qr_ar,5.35,0.069
corn_fut,22,chronos_bolt_small,8.77,0.0125
corn_fut,22,chronos_bolt_base,7.43,0.0243
corn_fut,22,chronos_2,5.24,0.0728
corn_fut,22,chronos_2_lora,5.32,0.0698
corn_fut,22,chronos_2_full,8.28,0.0159
corn_fut,22,timesfm_25,5.08,0.0789
corn_fut,22,moirai2_small,5.25,0.0725
wheat_fut,1,ar5_returns,2.01,0.3663
wheat_fut,1,lear_lite,7.5,0.0236
wheat_fut,1,garch_t,1.99,0.37
wheat_fut,1,qr_ar,0.23,0.8894
wheat_fut,1,chronos_bolt_small,12.31,0.0021
wheat_fut,1,chronos_bolt_base,3.87,0.1444
wheat_fut,1,chronos_2,2.79,0.248
wheat_fut,1,chronos_2_lora,2.43,0.2973
wheat_fut,1,chronos_2_full,14.84,0.0006
wheat_fut,1,timesfm_25,1.63,0.4423
wheat_fut,1,moirai2_small,9.32,0.0095
wheat_fut,5,ar5_returns,2.59,0.2734
wheat_fut,5,lear_lite,6.47,0.0394
wheat_fut,5,garch_t,43.33,0.0
wheat_fut,5,qr_ar,3.58,0.1668
wheat_fut,5,chronos_bolt_small,4.26,0.1187
wheat_fut,5,chronos_bolt_base,2.33,0.3115
wheat_fut,5,chronos_2,1.65,0.4388
wheat_fut,5,chronos_2_lora,1.35,0.5087
wheat_fut,5,chronos_2_full,4.49,0.1062
wheat_fut,5,timesfm_25,1.62,0.4451
wheat_fut,5,moirai2_small,4.33,0.1145
wheat_fut,22,ar5_returns,3.13,0.2091
wheat_fut,22,lear_lite,2.22,0.3297
wheat_fut,22,garch_t,20.63,0.0
wheat_fut,22,qr_ar,2.28,0.3205
wheat_fut,22,chronos_bolt_small,3.83,0.1475
wheat_fut,22,chronos_bolt_base,5.23,0.0732
wheat_fut,22,chronos_2,1.77,0.4133
wheat_fut,22,chronos_2_lora,3.09,0.2129
wheat_fut,22,chronos_2_full,1.39,0.4996
wheat_fut,22,timesfm_25,2.46,0.2924
wheat_fut,22,moirai2_small,1.96,0.3753
soybean_fut,1,ar5_returns,0.11,0.9464
soybean_fut,1,lear_lite,4.56,0.1024
soybean_fut,1,garch_t,1.92,0.3824
soybean_fut,1,qr_ar,1.38,0.5025
soybean_fut,1,chronos_bolt_small,43.48,0.0
soybean_fut,1,chronos_bolt_base,60.66,0.0
soybean_fut,1,chronos_2,15.33,0.0005
soybean_fut,1,chronos_2_lora,24.79,0.0
soybean_fut,1,chronos_2_full,58.18,0.0
soybean_fut,1,timesfm_25,3.83,0.1474
soybean_fut,1,moirai2_small,34.04,0.0
soybean_fut,5,ar5_returns,10.45,0.0054
soybean_fut,5,lear_lite,25.07,0.0
soybean_fut,5,garch_t,42.62,0.0
soybean_fut,5,qr_ar,11.02,0.004
soybean_fut,5,chronos_bolt_small,13.01,0.0015
soybean_fut,5,chronos_bolt_base,28.63,0.0
soybean_fut,5,chronos_2,12.17,0.0023
soybean_fut,5,chronos_2_lora,13.28,0.0013
soybean_fut,5,chronos_2_full,15.42,0.0004
soybean_fut,5,timesfm_25,15.22,0.0005
soybean_fut,5,moirai2_small,23.96,0.0
soybean_fut,22,ar5_returns,15.56,0.0004
soybean_fut,22,lear_lite,13.37,0.0012
soybean_fut,22,garch_t,18.53,0.0001
soybean_fut,22,qr_ar,13.4,0.0012
soybean_fut,22,chronos_bolt_small,12.78,0.0017
soybean_fut,22,chronos_bolt_base,9.64,0.0081
soybean_fut,22,chronos_2,11.97,0.0025
soybean_fut,22,chronos_2_lora,12.32,0.0021
soybean_fut,22,chronos_2_full,13.21,0.0014
soybean_fut,22,timesfm_25,14.96,0.0006
soybean_fut,22,moirai2_small,10.62,0.0049
