series,h,model,regime,hit_rate,expected,n,kupiec_p,christoffersen_ind_p,conditional_coverage_p
wti_fut,1,garch_t,ALL,0.0642,0.05,2805,0.0009,0.455,0.0032
wti_fut,1,garch_t,covid,0.0963,0.05,135,0.0276,0.1301,0.0281
wti_fut,1,garch_t,ukraine,0.1221,0.05,131,0.0012,0.395,0.0038
wti_fut,1,qr_ar,ALL,0.0635,0.05,2805,0.0017,0.0,0.0
wti_fut,1,qr_ar,covid,0.1778,0.05,135,0.0,0.0,0.0
wti_fut,1,qr_ar,ukraine,0.1374,0.05,131,0.0001,0.227,0.0003
wti_fut,1,chronos_2,ALL,0.0467,0.05,2805,0.418,0.1286,0.227
wti_fut,1,chronos_2,covid,0.0593,0.05,135,0.6311,0.4753,0.6906
wti_fut,1,chronos_2,ukraine,0.0534,0.05,131,0.8583,0.3719,0.6607
wti_fut,1,chronos_2_lora,ALL,0.0549,0.05,2805,0.2406,0.2222,0.2385
wti_fut,1,chronos_2_lora,covid,0.0593,0.05,135,0.6311,0.4753,0.6906
wti_fut,1,chronos_2_lora,ukraine,0.0611,0.05,131,0.5737,0.3055,0.505
wti_fut,1,chronos_2_full,ALL,0.0909,0.05,2805,0.0,0.0016,0.0
wti_fut,1,chronos_2_full,covid,0.1037,0.05,135,0.0118,0.1989,0.0184
wti_fut,1,chronos_2_full,ukraine,0.0611,0.05,131,0.5737,0.3055,0.505
wti_fut,1,moirai2_small,ALL,0.0485,0.05,2805,0.7114,0.5771,0.7994
wti_fut,1,moirai2_small,covid,0.0519,0.05,135,0.9218,0.3504,0.6435
wti_fut,1,moirai2_small,ukraine,0.1221,0.05,131,0.0012,0.395,0.0038
wti_fut,5,garch_t,ALL,0.0688,0.05,2805,0.0,0.0,0.0
wti_fut,5,garch_t,covid,0.1704,0.05,135,0.0,0.0,0.0
wti_fut,5,garch_t,ukraine,0.1145,0.05,131,0.0035,0.0,0.0
wti_fut,5,qr_ar,ALL,0.0624,0.05,2805,0.0037,0.0,0.0
wti_fut,5,qr_ar,covid,0.1926,0.05,135,0.0,0.0,0.0
wti_fut,5,qr_ar,ukraine,0.1298,0.05,131,0.0004,0.0014,0.0
wti_fut,5,chronos_2,ALL,0.0631,0.05,2805,0.0022,0.0,0.0
wti_fut,5,chronos_2,covid,0.1111,0.05,135,0.0047,0.0,0.0
wti_fut,5,chronos_2,ukraine,0.0763,0.05,131,0.1977,0.0,0.0
wti_fut,5,chronos_2_lora,ALL,0.0681,0.05,2805,0.0,0.0,0.0
wti_fut,5,chronos_2_lora,covid,0.1111,0.05,135,0.0047,0.0,0.0
wti_fut,5,chronos_2_lora,ukraine,0.0763,0.05,131,0.1977,0.0,0.0
wti_fut,5,chronos_2_full,ALL,0.0984,0.05,2805,0.0,0.0,0.0
wti_fut,5,chronos_2_full,covid,0.1778,0.05,135,0.0,0.0,0.0
wti_fut,5,chronos_2_full,ukraine,0.0687,0.05,131,0.3514,0.0,0.0001
wti_fut,5,moirai2_small,ALL,0.0581,0.05,2805,0.0544,0.0,0.0
wti_fut,5,moirai2_small,covid,0.0963,0.05,135,0.0276,0.0,0.0
wti_fut,5,moirai2_small,ukraine,0.0992,0.05,131,0.0218,0.0,0.0
wti_fut,22,garch_t,ALL,0.0731,0.05,2805,0.0,0.0,0.0
wti_fut,22,garch_t,covid,0.2148,0.05,135,0.0,0.0,0.0
wti_fut,22,garch_t,ukraine,0.1145,0.05,131,0.0035,0.0,0.0
wti_fut,22,qr_ar,ALL,0.0574,0.05,2805,0.0787,0.0,0.0
wti_fut,22,qr_ar,covid,0.2593,0.05,135,0.0,0.0,0.0
wti_fut,22,qr_ar,ukraine,0.0687,0.05,131,0.3514,0.0,0.0001
wti_fut,22,chronos_2,ALL,0.056,0.05,2805,0.1541,0.0,0.0
wti_fut,22,chronos_2,covid,0.1704,0.05,135,0.0,0.0,0.0
wti_fut,22,chronos_2,ukraine,0.0687,0.05,131,0.3514,0.0,0.0
wti_fut,22,chronos_2_lora,ALL,0.0578,0.05,2805,0.0656,0.0,0.0
wti_fut,22,chronos_2_lora,covid,0.1704,0.05,135,0.0,0.0,0.0
wti_fut,22,chronos_2_lora,ukraine,0.0687,0.05,131,0.3514,0.0,0.0
wti_fut,22,chronos_2_full,ALL,0.0859,0.05,2805,0.0,0.0,0.0
wti_fut,22,chronos_2_full,covid,0.2,0.05,135,0.0,0.0,0.0
wti_fut,22,chronos_2_full,ukraine,0.0763,0.05,131,0.1977,0.0,0.0
wti_fut,22,moirai2_small,ALL,0.0731,0.05,2805,0.0,0.0,0.0
wti_fut,22,moirai2_small,covid,0.1852,0.05,135,0.0,0.0,0.0
wti_fut,22,moirai2_small,ukraine,0.1221,0.05,131,0.0012,0.0,0.0
brent_fut,1,garch_t,ALL,0.0624,0.05,2806,0.0037,0.9789,0.015
brent_fut,1,garch_t,covid,0.0444,0.05,135,0.7629,0.2426,0.4828
brent_fut,1,garch_t,ukraine,0.0763,0.05,131,0.1977,0.1964,0.1894
brent_fut,1,qr_ar,ALL,0.0613,0.05,2806,0.0079,0.0008,0.0001
brent_fut,1,qr_ar,covid,0.1704,0.05,135,0.0,0.0222,0.0
brent_fut,1,qr_ar,ukraine,0.0992,0.05,131,0.0218,0.7624,0.0688
brent_fut,1,chronos_2,ALL,0.047,0.05,2806,0.4679,0.7445,0.7287
brent_fut,1,chronos_2,covid,0.0667,0.05,135,0.3968,0.6136,0.6148
brent_fut,1,chronos_2,ukraine,0.0534,0.05,131,0.8583,0.3719,0.6607
brent_fut,1,chronos_2_lora,ALL,0.0556,0.05,2806,0.1812,0.6413,0.3671
brent_fut,1,chronos_2_lora,covid,0.0667,0.05,135,0.3968,0.6136,0.6148
brent_fut,1,chronos_2_lora,ukraine,0.0611,0.05,131,0.5737,0.3055,0.505
brent_fut,1,chronos_2_full,ALL,0.1044,0.05,2806,0.0,0.0,0.0
brent_fut,1,chronos_2_full,covid,0.2296,0.05,135,0.0,0.3831,0.0
brent_fut,1,chronos_2_full,ukraine,0.0687,0.05,131,0.3514,0.247,0.3315
brent_fut,1,moirai2_small,ALL,0.0542,0.05,2806,0.317,0.9302,0.6039
brent_fut,1,moirai2_small,covid,0.0296,0.05,135,0.2414,0.087,0.1164
brent_fut,1,moirai2_small,ukraine,0.1298,0.05,131,0.0004,0.303,0.0012
brent_fut,5,garch_t,ALL,0.0763,0.05,2806,0.0,0.0,0.0
brent_fut,5,garch_t,covid,0.1704,0.05,135,0.0,0.0,0.0
brent_fut,5,garch_t,ukraine,0.084,0.05,131,0.1025,0.0,0.0
brent_fut,5,qr_ar,ALL,0.0595,0.05,2806,0.0246,0.0,0.0
brent_fut,5,qr_ar,covid,0.2444,0.05,135,0.0,0.0,0.0
brent_fut,5,qr_ar,ukraine,0.1069,0.05,131,0.009,0.0,0.0
brent_fut,5,chronos_2,ALL,0.0691,0.05,2806,0.0,0.0,0.0
brent_fut,5,chronos_2,covid,0.1259,0.05,135,0.0006,0.0,0.0
brent_fut,5,chronos_2,ukraine,0.1069,0.05,131,0.009,0.0,0.0
brent_fut,5,chronos_2_lora,ALL,0.0734,0.05,2806,0.0,0.0,0.0
brent_fut,5,chronos_2_lora,covid,0.1259,0.05,135,0.0006,0.0,0.0
brent_fut,5,chronos_2_lora,ukraine,0.1069,0.05,131,0.009,0.0,0.0
brent_fut,5,chronos_2_full,ALL,0.1137,0.05,2806,0.0,0.0,0.0
brent_fut,5,chronos_2_full,covid,0.2593,0.05,135,0.0,0.0,0.0
brent_fut,5,chronos_2_full,ukraine,0.0916,0.05,131,0.0491,0.0,0.0
brent_fut,5,moirai2_small,ALL,0.0602,0.05,2806,0.0159,0.0,0.0
brent_fut,5,moirai2_small,covid,0.1037,0.05,135,0.0118,0.0,0.0
brent_fut,5,moirai2_small,ukraine,0.0992,0.05,131,0.0218,0.0,0.0
brent_fut,22,garch_t,ALL,0.0823,0.05,2806,0.0,0.0,0.0
brent_fut,22,garch_t,covid,0.2074,0.05,135,0.0,0.0,0.0
brent_fut,22,garch_t,ukraine,0.0916,0.05,131,0.0491,0.0,0.0
brent_fut,22,qr_ar,ALL,0.0531,0.05,2806,0.4554,0.0,0.0
brent_fut,22,qr_ar,covid,0.2222,0.05,135,0.0,0.0,0.0
brent_fut,22,qr_ar,ukraine,0.084,0.05,131,0.1025,0.0,0.0
brent_fut,22,chronos_2,ALL,0.0567,0.05,2806,0.1124,0.0,0.0
brent_fut,22,chronos_2,covid,0.1852,0.05,135,0.0,0.0,0.0
brent_fut,22,chronos_2,ukraine,0.0611,0.05,131,0.5737,0.0,0.0
brent_fut,22,chronos_2_lora,ALL,0.0584,0.05,2806,0.0453,0.0,0.0
brent_fut,22,chronos_2_lora,covid,0.1852,0.05,135,0.0,0.0,0.0
brent_fut,22,chronos_2_lora,ukraine,0.0687,0.05,131,0.3514,0.0,0.0
brent_fut,22,chronos_2_full,ALL,0.0955,0.05,2806,0.0,0.0,0.0
brent_fut,22,chronos_2_full,covid,0.2,0.05,135,0.0,0.0,0.0
brent_fut,22,chronos_2_full,ukraine,0.0687,0.05,131,0.3514,0.0,0.0
brent_fut,22,moirai2_small,ALL,0.0656,0.05,2806,0.0003,0.0,0.0
brent_fut,22,moirai2_small,covid,0.1481,0.05,135,0.0,0.0,0.0
brent_fut,22,moirai2_small,ukraine,0.0687,0.05,131,0.3514,0.0007,0.0022
natgas_fut,1,garch_t,ALL,0.0485,0.05,2806,0.7082,0.0968,0.2349
natgas_fut,1,garch_t,covid,0.0519,0.05,135,0.9218,0.3504,0.6435
natgas_fut,1,garch_t,ukraine,0.0611,0.05,131,0.5737,0.491,0.6733
natgas_fut,1,qr_ar,ALL,0.0684,0.05,2806,0.0,0.0,0.0
natgas_fut,1,qr_ar,covid,0.0667,0.05,135,0.3968,0.1136,0.1997
natgas_fut,1,qr_ar,ukraine,0.1145,0.05,131,0.0035,0.8203,0.0136
natgas_fut,1,chronos_2,ALL,0.0495,0.05,2806,0.9102,0.061,0.1718
natgas_fut,1,chronos_2,covid,0.0148,0.05,135,0.0283,0.8055,0.0876
natgas_fut,1,chronos_2,ukraine,0.0229,0.05,131,0.1128,0.7066,0.2649
natgas_fut,1,chronos_2_lora,ALL,0.0567,0.05,2806,0.1124,0.0108,0.011
natgas_fut,1,chronos_2_lora,covid,0.0148,0.05,135,0.0283,0.8055,0.0876
natgas_fut,1,chronos_2_lora,ukraine,0.0229,0.05,131,0.1128,0.7066,0.2649
natgas_fut,1,chronos_2_full,ALL,0.1126,0.05,2806,0.0,0.0,0.0
natgas_fut,1,chronos_2_full,covid,0.1481,0.05,135,0.0,0.0023,0.0
natgas_fut,1,chronos_2_full,ukraine,0.0305,0.05,131,0.272,0.6143,0.4818
natgas_fut,1,moirai2_small,ALL,0.0531,0.05,2806,0.4554,0.0068,0.0194
natgas_fut,1,moirai2_small,covid,0.0444,0.05,135,0.7629,0.0164,0.0536
natgas_fut,1,moirai2_small,ukraine,0.0382,0.05,131,0.5175,0.527,0.664
natgas_fut,5,garch_t,ALL,0.047,0.05,2806,0.4679,0.0,0.0
natgas_fut,5,garch_t,covid,0.0593,0.05,135,0.6311,0.0048,0.0167
natgas_fut,5,garch_t,ukraine,0.0611,0.05,131,0.5737,0.0053,0.0174
natgas_fut,5,qr_ar,ALL,0.0745,0.05,2806,0.0,0.0,0.0
natgas_fut,5,qr_ar,covid,0.0741,0.05,135,0.2295,0.0,0.0
natgas_fut,5,qr_ar,ukraine,0.0992,0.05,131,0.0218,0.0,0.0
natgas_fut,5,chronos_2,ALL,0.0613,0.05,2806,0.0079,0.0,0.0
natgas_fut,5,chronos_2,covid,0.037,0.05,135,0.4697,0.0063,0.0184
natgas_fut,5,chronos_2,ukraine,0.0458,0.05,131,0.8231,0.0,0.0
natgas_fut,5,chronos_2_lora,ALL,0.0663,0.05,2806,0.0002,0.0,0.0
natgas_fut,5,chronos_2_lora,covid,0.037,0.05,135,0.4697,0.0063,0.0184
natgas_fut,5,chronos_2_lora,ukraine,0.0458,0.05,131,0.8231,0.0,0.0
natgas_fut,5,chronos_2_full,ALL,0.1066,0.05,2806,0.0,0.0,0.0
natgas_fut,5,chronos_2_full,covid,0.1185,0.05,135,0.0017,0.0,0.0
natgas_fut,5,chronos_2_full,ukraine,0.0458,0.05,131,0.8231,0.0,0.0
natgas_fut,5,moirai2_small,ALL,0.0602,0.05,2806,0.0159,0.0,0.0
natgas_fut,5,moirai2_small,covid,0.0593,0.05,135,0.6311,0.0048,0.0167
natgas_fut,5,moirai2_small,ukraine,0.0458,0.05,131,0.8231,0.0005,0.0024
natgas_fut,22,garch_t,ALL,0.0349,0.05,2806,0.0001,0.0,0.0
natgas_fut,22,garch_t,covid,0.0,0.05,135,0.0002,1.0,0.001
natgas_fut,22,garch_t,ukraine,0.0458,0.05,131,0.8231,0.0005,0.0024
natgas_fut,22,qr_ar,ALL,0.0802,0.05,2806,0.0,0.0,0.0
natgas_fut,22,qr_ar,covid,0.0,0.05,135,0.0002,1.0,0.001
natgas_fut,22,qr_ar,ukraine,0.1298,0.05,131,0.0004,0.0,0.0
natgas_fut,22,chronos_2,ALL,0.052,0.05,2806,0.6237,0.0,0.0
natgas_fut,22,chronos_2,covid,0.0,0.05,135,0.0002,1.0,0.001
natgas_fut,22,chronos_2,ukraine,0.0458,0.05,131,0.8231,0.0005,0.0024
natgas_fut,22,chronos_2_lora,ALL,0.0524,0.05,2806,0.5646,0.0,0.0
natgas_fut,22,chronos_2_lora,covid,0.0,0.05,135,0.0002,1.0,0.001
natgas_fut,22,chronos_2_lora,ukraine,0.0534,0.05,131,0.8583,0.0,0.0
natgas_fut,22,chronos_2_full,ALL,0.0966,0.05,2806,0.0,0.0,0.0
natgas_fut,22,chronos_2_full,covid,0.0444,0.05,135,0.7629,0.0,0.0
natgas_fut,22,chronos_2_full,ukraine,0.0458,0.05,131,0.8231,0.0005,0.0024
natgas_fut,22,moirai2_small,ALL,0.0681,0.05,2806,0.0,0.0,0.0
natgas_fut,22,moirai2_small,covid,0.0,0.05,135,0.0002,1.0,0.001
natgas_fut,22,moirai2_small,ukraine,0.0305,0.05,131,0.272,0.0,0.0
gold_fut,1,garch_t,ALL,0.0588,0.05,2804,0.0364,0.333,0.07
gold_fut,1,garch_t,covid,0.0889,0.05,135,0.0604,0.3702,0.1148
gold_fut,1,garch_t,ukraine,0.0763,0.05,131,0.1977,0.7838,0.4202
gold_fut,1,qr_ar,ALL,0.0489,0.05,2804,0.7808,0.6062,0.8423
gold_fut,1,qr_ar,covid,0.1111,0.05,135,0.0047,0.7852,0.0177
gold_fut,1,qr_ar,ukraine,0.0916,0.05,131,0.0491,0.909,0.1433
gold_fut,1,chronos_2,ALL,0.041,0.05,2804,0.0244,0.379,0.0539
gold_fut,1,chronos_2,covid,0.0444,0.05,135,0.7629,0.2426,0.4828
gold_fut,1,chronos_2,ukraine,0.0611,0.05,131,0.5737,0.491,0.6733
gold_fut,1,chronos_2_lora,ALL,0.0467,0.05,2804,0.4204,0.624,0.641
gold_fut,1,chronos_2_lora,covid,0.0444,0.05,135,0.7629,0.2426,0.4828
gold_fut,1,chronos_2_lora,ukraine,0.0611,0.05,131,0.5737,0.491,0.6733
gold_fut,1,chronos_2_full,ALL,0.056,0.05,2804,0.1529,0.7737,0.3454
gold_fut,1,chronos_2_full,covid,0.0444,0.05,135,0.7629,0.2426,0.4828
gold_fut,1,chronos_2_full,ukraine,0.0763,0.05,131,0.1977,0.19,0.1848
gold_fut,1,moirai2_small,ALL,0.0531,0.05,2804,0.4502,0.4515,0.5663
gold_fut,1,moirai2_small,covid,0.0667,0.05,135,0.3968,0.6136,0.6148
gold_fut,1,moirai2_small,ukraine,0.0458,0.05,131,0.8231,0.446,0.7295
gold_fut,5,garch_t,ALL,0.0581,0.05,2804,0.0538,0.0,0.0
gold_fut,5,garch_t,covid,0.1037,0.05,135,0.0118,0.0,0.0
gold_fut,5,garch_t,ukraine,0.084,0.05,131,0.1025,0.0004,0.0005
gold_fut,5,qr_ar,ALL,0.0471,0.05,2804,0.4732,0.0,0.0
gold_fut,5,qr_ar,covid,0.1333,0.05,135,0.0002,0.0,0.0
gold_fut,5,qr_ar,ukraine,0.1145,0.05,131,0.0035,0.0,0.0
gold_fut,5,chronos_2,ALL,0.0531,0.05,2804,0.4502,0.0,0.0
gold_fut,5,chronos_2,covid,0.0889,0.05,135,0.0604,0.0,0.0
gold_fut,5,chronos_2,ukraine,0.0458,0.05,131,0.8231,0.0005,0.0024
gold_fut,5,chronos_2_lora,ALL,0.0581,0.05,2804,0.0538,0.0,0.0
gold_fut,5,chronos_2_lora,covid,0.0963,0.05,135,0.0276,0.0,0.0
gold_fut,5,chronos_2_lora,ukraine,0.0534,0.05,131,0.8583,0.0019,0.0078
gold_fut,5,chronos_2_full,ALL,0.0621,0.05,2804,0.0047,0.0,0.0
gold_fut,5,chronos_2_full,covid,0.0593,0.05,135,0.6311,0.0,0.0
gold_fut,5,chronos_2_full,ukraine,0.0687,0.05,131,0.3514,0.0007,0.0022
gold_fut,5,moirai2_small,ALL,0.0403,0.05,2804,0.0149,0.0,0.0
gold_fut,5,moirai2_small,covid,0.0889,0.05,135,0.0604,0.0,0.0
gold_fut,5,moirai2_small,ukraine,0.0534,0.05,131,0.8583,0.0376,0.1134
gold_fut,22,garch_t,ALL,0.041,0.05,2804,0.0244,0.0,0.0
gold_fut,22,garch_t,covid,0.0296,0.05,135,0.2414,0.0018,0.0038
gold_fut,22,garch_t,ukraine,0.1527,0.05,131,0.0,0.0,0.0
gold_fut,22,qr_ar,ALL,0.0378,0.05,2804,0.002,0.0,0.0
gold_fut,22,qr_ar,covid,0.0222,0.05,135,0.0977,0.0003,0.0004
gold_fut,22,qr_ar,ukraine,0.1908,0.05,131,0.0,0.0,0.0
gold_fut,22,chronos_2,ALL,0.0207,0.05,2804,0.0,0.0,0.0
gold_fut,22,chronos_2,covid,0.0296,0.05,135,0.2414,0.0018,0.0038
gold_fut,22,chronos_2,ukraine,0.0611,0.05,131,0.5737,0.0002,0.0009
gold_fut,22,chronos_2_lora,ALL,0.0232,0.05,2804,0.0,0.0,0.0
gold_fut,22,chronos_2_lora,covid,0.0296,0.05,135,0.2414,0.0018,0.0038
gold_fut,22,chronos_2_lora,ukraine,0.0611,0.05,131,0.5737,0.0002,0.0009
gold_fut,22,chronos_2_full,ALL,0.0499,0.05,2804,0.9862,0.0,0.0
gold_fut,22,chronos_2_full,covid,0.0296,0.05,135,0.2414,0.0018,0.0038
gold_fut,22,chronos_2_full,ukraine,0.1298,0.05,131,0.0004,0.0,0.0
gold_fut,22,moirai2_small,ALL,0.0214,0.05,2804,0.0,0.0,0.0
gold_fut,22,moirai2_small,covid,0.0296,0.05,135,0.2414,0.0018,0.0038
gold_fut,22,moirai2_small,ukraine,0.0534,0.05,131,0.8583,0.0,0.0002
silver_fut,1,garch_t,ALL,0.0556,0.05,2804,0.1784,0.3101,0.2416
silver_fut,1,garch_t,covid,0.0963,0.05,135,0.0276,0.4945,0.0701
silver_fut,1,garch_t,ukraine,0.0687,0.05,131,0.3514,0.633,0.578
silver_fut,1,qr_ar,ALL,0.0535,0.05,2804,0.4009,0.0187,0.0443
silver_fut,1,qr_ar,covid,0.1333,0.05,135,0.0002,0.0795,0.0002
silver_fut,1,qr_ar,ukraine,0.084,0.05,131,0.1025,0.9381,0.2628
silver_fut,1,chronos_2,ALL,0.0442,0.05,2804,0.1525,0.4873,0.2823
silver_fut,1,chronos_2,covid,0.037,0.05,135,0.4697,0.1544,0.2793
silver_fut,1,chronos_2,ukraine,0.0458,0.05,131,0.8231,0.2511,0.5048
silver_fut,1,chronos_2_lora,ALL,0.0492,0.05,2804,0.8484,0.6351,0.8773
silver_fut,1,chronos_2_lora,covid,0.0519,0.05,135,0.9218,0.3504,0.6435
silver_fut,1,chronos_2_lora,ukraine,0.0611,0.05,131,0.5737,0.491,0.6733
silver_fut,1,chronos_2_full,ALL,0.0731,0.05,2804,0.0,0.0363,0.0
silver_fut,1,chronos_2_full,covid,0.0519,0.05,135,0.9218,0.3504,0.6435
silver_fut,1,chronos_2_full,ukraine,0.1603,0.05,131,0.0,0.2658,0.0
silver_fut,1,moirai2_small,ALL,0.0514,0.05,2804,0.743,0.3262,0.5852
silver_fut,1,moirai2_small,covid,0.0593,0.05,135,0.6311,0.0666,0.1656
silver_fut,1,moirai2_small,ukraine,0.0458,0.05,131,0.8231,0.446,0.7295
silver_fut,5,garch_t,ALL,0.0592,0.05,2804,0.0296,0.0,0.0
silver_fut,5,garch_t,covid,0.0815,0.05,135,0.1224,0.0,0.0
silver_fut,5,garch_t,ukraine,0.1069,0.05,131,0.009,0.0,0.0
silver_fut,5,qr_ar,ALL,0.0535,0.05,2804,0.4009,0.0,0.0
silver_fut,5,qr_ar,covid,0.0889,0.05,135,0.0604,0.0,0.0
silver_fut,5,qr_ar,ukraine,0.1527,0.05,131,0.0,0.0,0.0
silver_fut,5,chronos_2,ALL,0.0585,0.05,2804,0.0444,0.0,0.0
silver_fut,5,chronos_2,covid,0.0667,0.05,135,0.3968,0.0,0.0
silver_fut,5,chronos_2,ukraine,0.084,0.05,131,0.1025,0.0,0.0
silver_fut,5,chronos_2_lora,ALL,0.0613,0.05,2804,0.0077,0.0,0.0
silver_fut,5,chronos_2_lora,covid,0.0741,0.05,135,0.2295,0.0,0.0
silver_fut,5,chronos_2_lora,ukraine,0.0916,0.05,131,0.0491,0.0,0.0
silver_fut,5,chronos_2_full,ALL,0.0831,0.05,2804,0.0,0.0,0.0
silver_fut,5,chronos_2_full,covid,0.0741,0.05,135,0.2295,0.0,0.0
silver_fut,5,chronos_2_full,ukraine,0.1908,0.05,131,0.0,0.0,0.0
silver_fut,5,moirai2_small,ALL,0.0449,0.05,2804,0.2109,0.0,0.0
silver_fut,5,moirai2_small,covid,0.0741,0.05,135,0.2295,0.0,0.0
silver_fut,5,moirai2_small,ukraine,0.084,0.05,131,0.1025,0.0004,0.0005
silver_fut,22,garch_t,ALL,0.0346,0.05,2804,0.0001,0.0,0.0
silver_fut,22,garch_t,covid,0.1481,0.05,135,0.0,0.0,0.0
silver_fut,22,garch_t,ukraine,0.2137,0.05,131,0.0,0.0,0.0
silver_fut,22,qr_ar,ALL,0.0421,0.05,2804,0.0482,0.0,0.0
silver_fut,22,qr_ar,covid,0.1407,0.05,135,0.0001,0.0,0.0
silver_fut,22,qr_ar,ukraine,0.2748,0.05,131,0.0,0.0,0.0
silver_fut,22,chronos_2,ALL,0.0364,0.05,2804,0.0005,0.0,0.0
silver_fut,22,chronos_2,covid,0.1481,0.05,135,0.0,0.0,0.0
silver_fut,22,chronos_2,ukraine,0.1908,0.05,131,0.0,0.0,0.0
silver_fut,22,chronos_2_lora,ALL,0.0382,0.05,2804,0.0027,0.0,0.0
silver_fut,22,chronos_2_lora,covid,0.1481,0.05,135,0.0,0.0,0.0
silver_fut,22,chronos_2_lora,ukraine,0.1908,0.05,131,0.0,0.0,0.0
silver_fut,22,chronos_2_full,ALL,0.0571,0.05,2804,0.0931,0.0,0.0
silver_fut,22,chronos_2_full,covid,0.1556,0.05,135,0.0,0.0,0.0
silver_fut,22,chronos_2_full,ukraine,0.2443,0.05,131,0.0,0.0,0.0
silver_fut,22,moirai2_small,ALL,0.02,0.05,2804,0.0,0.0,0.0
silver_fut,22,moirai2_small,covid,0.1481,0.05,135,0.0,0.0,0.0
silver_fut,22,moirai2_small,ukraine,0.0916,0.05,131,0.0491,0.0,0.0
copper_fut,1,garch_t,ALL,0.0563,0.05,2805,0.1314,0.4708,0.2471
copper_fut,1,garch_t,covid,0.0741,0.05,135,0.2295,0.179,0.197
copper_fut,1,garch_t,ukraine,0.0916,0.05,131,0.0491,0.0872,0.0334
copper_fut,1,qr_ar,ALL,0.0578,0.05,2805,0.0656,0.2298,0.0893
copper_fut,1,qr_ar,covid,0.0741,0.05,135,0.2295,0.179,0.197
copper_fut,1,qr_ar,ukraine,0.1069,0.05,131,0.009,0.2151,0.0153
copper_fut,1,chronos_2,ALL,0.0342,0.05,2805,0.0001,0.0213,0.0
copper_fut,1,chronos_2,covid,0.0741,0.05,135,0.2295,0.179,0.197
copper_fut,1,chronos_2,ukraine,0.0153,0.05,131,0.0335,0.8026,0.1012
copper_fut,1,chronos_2_lora,ALL,0.0385,0.05,2805,0.0037,0.0794,0.0031
copper_fut,1,chronos_2_lora,covid,0.0815,0.05,135,0.1224,0.2645,0.1628
copper_fut,1,chronos_2_lora,ukraine,0.0305,0.05,131,0.272,0.6143,0.4818
copper_fut,1,chronos_2_full,ALL,0.0713,0.05,2805,0.0,0.1199,0.0
copper_fut,1,chronos_2_full,covid,0.0889,0.05,135,0.0604,0.08,0.037
copper_fut,1,chronos_2_full,ukraine,0.0382,0.05,131,0.5175,0.527,0.664
copper_fut,1,moirai2_small,ALL,0.0463,0.05,2805,0.3689,0.4202,0.4826
copper_fut,1,moirai2_small,covid,0.0444,0.05,135,0.7629,0.0164,0.0536
copper_fut,1,moirai2_small,ukraine,0.0992,0.05,131,0.0218,0.5203,0.0585
copper_fut,5,garch_t,ALL,0.0449,0.05,2805,0.2094,0.0,0.0
copper_fut,5,garch_t,covid,0.0519,0.05,135,0.9218,0.0,0.0
copper_fut,5,garch_t,ukraine,0.1221,0.05,131,0.0012,0.0,0.0
copper_fut,5,qr_ar,ALL,0.0581,0.05,2805,0.0544,0.0,0.0
copper_fut,5,qr_ar,covid,0.0519,0.05,135,0.9218,0.0,0.0
copper_fut,5,qr_ar,ukraine,0.2366,0.05,131,0.0,0.0,0.0
copper_fut,5,chronos_2,ALL,0.046,0.05,2805,0.3234,0.0,0.0
copper_fut,5,chronos_2,covid,0.0815,0.05,135,0.1224,0.0,0.0
copper_fut,5,chronos_2,ukraine,0.0992,0.05,131,0.0218,0.0002,0.0001
copper_fut,5,chronos_2_lora,ALL,0.0488,0.05,2805,0.7775,0.0,0.0
copper_fut,5,chronos_2_lora,covid,0.0815,0.05,135,0.1224,0.0,0.0
copper_fut,5,chronos_2_lora,ukraine,0.0992,0.05,131,0.0218,0.0002,0.0001
copper_fut,5,chronos_2_full,ALL,0.0742,0.05,2805,0.0,0.0,0.0
copper_fut,5,chronos_2_full,covid,0.1037,0.05,135,0.0118,0.0,0.0
copper_fut,5,chronos_2_full,ukraine,0.0992,0.05,131,0.0218,0.0002,0.0001
copper_fut,5,moirai2_small,ALL,0.0488,0.05,2805,0.7775,0.0,0.0
copper_fut,5,moirai2_small,covid,0.0593,0.05,135,0.6311,0.0,0.0
copper_fut,5,moirai2_small,ukraine,0.1679,0.05,131,0.0,0.0,0.0
copper_fut,22,garch_t,ALL,0.0535,0.05,2805,0.4033,0.0,0.0
copper_fut,22,garch_t,covid,0.1407,0.05,135,0.0001,0.0,0.0
copper_fut,22,garch_t,ukraine,0.229,0.05,131,0.0,0.0,0.0
copper_fut,22,qr_ar,ALL,0.0592,0.05,2805,0.03,0.0,0.0
copper_fut,22,qr_ar,covid,0.1407,0.05,135,0.0001,0.0,0.0
copper_fut,22,qr_ar,ukraine,0.3282,0.05,131,0.0,0.0,0.0
copper_fut,22,chronos_2,ALL,0.0588,0.05,2805,0.0368,0.0,0.0
copper_fut,22,chronos_2,covid,0.1704,0.05,135,0.0,0.0,0.0
copper_fut,22,chronos_2,ukraine,0.2061,0.05,131,0.0,0.0,0.0
copper_fut,22,chronos_2_lora,ALL,0.0606,0.05,2805,0.0125,0.0,0.0
copper_fut,22,chronos_2_lora,covid,0.1704,0.05,135,0.0,0.0,0.0
copper_fut,22,chronos_2_lora,ukraine,0.2061,0.05,131,0.0,0.0,0.0
copper_fut,22,chronos_2_full,ALL,0.0895,0.05,2805,0.0,0.0,0.0
copper_fut,22,chronos_2_full,covid,0.1852,0.05,135,0.0,0.0,0.0
copper_fut,22,chronos_2_full,ukraine,0.2519,0.05,131,0.0,0.0,0.0
copper_fut,22,moirai2_small,ALL,0.0738,0.05,2805,0.0,0.0,0.0
copper_fut,22,moirai2_small,covid,0.1556,0.05,135,0.0,0.0,0.0
copper_fut,22,moirai2_small,ukraine,0.3206,0.05,131,0.0,0.0,0.0
platinum_fut,1,garch_t,ALL,0.0546,0.05,2803,0.2722,0.3667,0.3641
platinum_fut,1,garch_t,covid,0.0889,0.05,135,0.0604,0.3137,0.1032
platinum_fut,1,garch_t,ukraine,0.0687,0.05,131,0.3514,0.633,0.578
platinum_fut,1,qr_ar,ALL,0.0678,0.05,2803,0.0,0.7896,0.0002
platinum_fut,1,qr_ar,covid,0.2,0.05,135,0.0,0.489,0.0
platinum_fut,1,qr_ar,ukraine,0.084,0.05,131,0.1025,0.28,0.1471
platinum_fut,1,chronos_2,ALL,0.0453,0.05,2803,0.2472,0.736,0.4836
platinum_fut,1,chronos_2,covid,0.0815,0.05,135,0.1224,0.1604,0.1133
platinum_fut,1,chronos_2,ukraine,0.0305,0.05,131,0.272,0.6143,0.4818
platinum_fut,1,chronos_2_lora,ALL,0.0503,0.05,2803,0.9413,0.468,0.7664
platinum_fut,1,chronos_2_lora,covid,0.0889,0.05,135,0.0604,0.9364,0.1709
platinum_fut,1,chronos_2_lora,ukraine,0.0534,0.05,131,0.8583,0.3624,0.65
platinum_fut,1,chronos_2_full,ALL,0.0899,0.05,2803,0.0,0.0401,0.0
platinum_fut,1,chronos_2_full,covid,0.1259,0.05,135,0.0006,0.0311,0.0003
platinum_fut,1,chronos_2_full,ukraine,0.0687,0.05,131,0.3514,0.633,0.578
platinum_fut,1,moirai2_small,ALL,0.0367,0.05,2803,0.0007,0.2736,0.0019
platinum_fut,1,moirai2_small,covid,0.0889,0.05,135,0.0604,0.3137,0.1032
platinum_fut,1,moirai2_small,ukraine,0.0534,0.05,131,0.8583,0.3624,0.65
platinum_fut,5,garch_t,ALL,0.0528,0.05,2803,0.5,0.0,0.0
platinum_fut,5,garch_t,covid,0.0963,0.05,135,0.0276,0.0,0.0
platinum_fut,5,garch_t,ukraine,0.084,0.05,131,0.1025,0.0,0.0
platinum_fut,5,qr_ar,ALL,0.066,0.05,2803,0.0002,0.0,0.0
platinum_fut,5,qr_ar,covid,0.1407,0.05,135,0.0001,0.0,0.0
platinum_fut,5,qr_ar,ukraine,0.1527,0.05,131,0.0,0.0,0.0
platinum_fut,5,chronos_2,ALL,0.0553,0.05,2803,0.2054,0.0,0.0
platinum_fut,5,chronos_2,covid,0.0963,0.05,135,0.0276,0.0,0.0
platinum_fut,5,chronos_2,ukraine,0.0687,0.05,131,0.3514,0.0,0.0001
platinum_fut,5,chronos_2_lora,ALL,0.0614,0.05,2803,0.0076,0.0,0.0
platinum_fut,5,chronos_2_lora,covid,0.1111,0.05,135,0.0047,0.0,0.0
platinum_fut,5,chronos_2_lora,ukraine,0.0687,0.05,131,0.3514,0.0,0.0001
platinum_fut,5,chronos_2_full,ALL,0.0981,0.05,2803,0.0,0.0,0.0
platinum_fut,5,chronos_2_full,covid,0.1111,0.05,135,0.0047,0.0,0.0
platinum_fut,5,chronos_2_full,ukraine,0.0992,0.05,131,0.0218,0.0,0.0
platinum_fut,5,moirai2_small,ALL,0.0467,0.05,2803,0.4229,0.0,0.0
platinum_fut,5,moirai2_small,covid,0.1037,0.05,135,0.0118,0.0,0.0
platinum_fut,5,moirai2_small,ukraine,0.084,0.05,131,0.1025,0.0,0.0
platinum_fut,22,garch_t,ALL,0.0421,0.05,2803,0.0487,0.0,0.0
platinum_fut,22,garch_t,covid,0.2074,0.05,135,0.0,0.0,0.0
platinum_fut,22,garch_t,ukraine,0.0687,0.05,131,0.3514,0.0,0.0001
platinum_fut,22,qr_ar,ALL,0.0553,0.05,2803,0.2054,0.0,0.0
platinum_fut,22,qr_ar,covid,0.237,0.05,135,0.0,0.0,0.0
platinum_fut,22,qr_ar,ukraine,0.145,0.05,131,0.0,0.0,0.0
platinum_fut,22,chronos_2,ALL,0.0503,0.05,2803,0.9413,0.0,0.0
platinum_fut,22,chronos_2,covid,0.237,0.05,135,0.0,0.0,0.0
platinum_fut,22,chronos_2,ukraine,0.0382,0.05,131,0.5175,0.1599,0.3021
platinum_fut,22,chronos_2_lora,ALL,0.0514,0.05,2803,0.7397,0.0,0.0
platinum_fut,22,chronos_2_lora,covid,0.237,0.05,135,0.0,0.0,0.0
platinum_fut,22,chronos_2_lora,ukraine,0.0458,0.05,131,0.8231,0.0175,0.0579
platinum_fut,22,chronos_2_full,ALL,0.091,0.05,2803,0.0,0.0,0.0
platinum_fut,22,chronos_2_full,covid,0.2444,0.05,135,0.0,0.0,0.0
platinum_fut,22,chronos_2_full,ukraine,0.1221,0.05,131,0.0012,0.0,0.0
platinum_fut,22,moirai2_small,ALL,0.0503,0.05,2803,0.9413,0.0,0.0
platinum_fut,22,moirai2_small,covid,0.2296,0.05,135,0.0,0.0,0.0
platinum_fut,22,moirai2_small,ukraine,0.0763,0.05,131,0.1977,0.0,0.0
corn_fut,1,garch_t,ALL,0.0457,0.05,2802,0.2875,0.0007,0.0019
corn_fut,1,garch_t,covid,0.0667,0.05,135,0.3968,0.1136,0.1997
corn_fut,1,garch_t,ukraine,0.1145,0.05,131,0.0035,0.8203,0.0136
corn_fut,1,qr_ar,ALL,0.0446,0.05,2802,0.1828,0.0044,0.0071
corn_fut,1,qr_ar,covid,0.0667,0.05,135,0.3968,0.1136,0.1997
corn_fut,1,qr_ar,ukraine,0.145,0.05,131,0.0,0.5712,0.0002
corn_fut,1,chronos_2,ALL,0.0428,0.05,2802,0.0744,0.1049,0.0547
corn_fut,1,chronos_2,covid,0.0444,0.05,135,0.7629,0.4532,0.7212
corn_fut,1,chronos_2,ukraine,0.0534,0.05,131,0.8583,0.3624,0.65
corn_fut,1,chronos_2_lora,ALL,0.0496,0.05,2802,0.9239,0.0113,0.0403
corn_fut,1,chronos_2_lora,covid,0.0444,0.05,135,0.7629,0.4532,0.7212
corn_fut,1,chronos_2_lora,ukraine,0.0611,0.05,131,0.5737,0.491,0.6733
corn_fut,1,chronos_2_full,ALL,0.1017,0.05,2802,0.0,0.0,0.0
corn_fut,1,chronos_2_full,covid,0.0963,0.05,135,0.0276,0.4945,0.0701
corn_fut,1,chronos_2_full,ukraine,0.0534,0.05,131,0.8583,0.3624,0.65
corn_fut,1,moirai2_small,ALL,0.0435,0.05,2802,0.109,0.0009,0.0011
corn_fut,1,moirai2_small,covid,0.0296,0.05,135,0.2414,0.087,0.1164
corn_fut,1,moirai2_small,ukraine,0.1221,0.05,131,0.0012,0.9801,0.0055
corn_fut,5,garch_t,ALL,0.0507,0.05,2802,0.8695,0.0,0.0
corn_fut,5,garch_t,covid,0.0741,0.05,135,0.2295,0.0,0.0
corn_fut,5,garch_t,ukraine,0.0763,0.05,131,0.1977,0.0,0.0
corn_fut,5,qr_ar,ALL,0.0496,0.05,2802,0.9239,0.0,0.0
corn_fut,5,qr_ar,covid,0.0667,0.05,135,0.3968,0.0,0.0
corn_fut,5,qr_ar,ukraine,0.0763,0.05,131,0.1977,0.0,0.0
corn_fut,5,chronos_2,ALL,0.0603,0.05,2802,0.0151,0.0,0.0
corn_fut,5,chronos_2,covid,0.0741,0.05,135,0.2295,0.0,0.0
corn_fut,5,chronos_2,ukraine,0.0687,0.05,131,0.3514,0.0,0.0
corn_fut,5,chronos_2_lora,ALL,0.0657,0.05,2802,0.0003,0.0,0.0
corn_fut,5,chronos_2_lora,covid,0.0741,0.05,135,0.2295,0.0,0.0
corn_fut,5,chronos_2_lora,ukraine,0.0687,0.05,131,0.3514,0.0,0.0
corn_fut,5,chronos_2_full,ALL,0.0981,0.05,2802,0.0,0.0,0.0
corn_fut,5,chronos_2_full,covid,0.0963,0.05,135,0.0276,0.0,0.0
corn_fut,5,chronos_2_full,ukraine,0.0534,0.05,131,0.8583,0.0,0.0
corn_fut,5,moirai2_small,ALL,0.0539,0.05,2802,0.3505,0.0,0.0
corn_fut,5,moirai2_small,covid,0.0444,0.05,135,0.7629,0.0,0.0
corn_fut,5,moirai2_small,ukraine,0.0687,0.05,131,0.3514,0.0,0.0
corn_fut,22,garch_t,ALL,0.0607,0.05,2802,0.012,0.0,0.0
corn_fut,22,garch_t,covid,0.1852,0.05,135,0.0,0.0,0.0
corn_fut,22,garch_t,ukraine,0.145,0.05,131,0.0,0.0,0.0
corn_fut,22,qr_ar,ALL,0.0475,0.05,2802,0.535,0.0,0.0
corn_fut,22,qr_ar,covid,0.0667,0.05,135,0.3968,0.0,0.0001
corn_fut,22,qr_ar,ukraine,0.1603,0.05,131,0.0,0.0,0.0
corn_fut,22,chronos_2,ALL,0.0692,0.05,2802,0.0,0.0,0.0
corn_fut,22,chronos_2,covid,0.1407,0.05,135,0.0001,0.0,0.0
corn_fut,22,chronos_2,ukraine,0.1756,0.05,131,0.0,0.0,0.0
corn_fut,22,chronos_2_lora,ALL,0.0707,0.05,2802,0.0,0.0,0.0
corn_fut,22,chronos_2_lora,covid,0.1259,0.05,135,0.0006,0.0,0.0
corn_fut,22,chronos_2_lora,ukraine,0.1756,0.05,131,0.0,0.0,0.0
corn_fut,22,chronos_2_full,ALL,0.1056,0.05,2802,0.0,0.0,0.0
corn_fut,22,chronos_2_full,covid,0.1704,0.05,135,0.0,0.0,0.0
corn_fut,22,chronos_2_full,ukraine,0.1756,0.05,131,0.0,0.0,0.0
corn_fut,22,moirai2_small,ALL,0.0739,0.05,2802,0.0,0.0,0.0
corn_fut,22,moirai2_small,covid,0.1333,0.05,135,0.0002,0.0,0.0
corn_fut,22,moirai2_small,ukraine,0.1679,0.05,131,0.0,0.0,0.0
wheat_fut,1,garch_t,ALL,0.0439,0.05,2804,0.1283,0.2714,0.1718
wheat_fut,1,garch_t,covid,0.037,0.05,135,0.4697,0.5335,0.6343
wheat_fut,1,garch_t,ukraine,0.0763,0.05,131,0.1977,0.7838,0.4202
wheat_fut,1,qr_ar,ALL,0.0492,0.05,2804,0.8484,0.0243,0.0778
wheat_fut,1,qr_ar,covid,0.0296,0.05,135,0.2414,0.6198,0.4451
wheat_fut,1,qr_ar,ukraine,0.1985,0.05,131,0.0,0.1402,0.0
wheat_fut,1,chronos_2,ALL,0.0303,0.05,2804,0.0,0.2502,0.0
wheat_fut,1,chronos_2,covid,0.0296,0.05,135,0.2414,0.6198,0.4451
wheat_fut,1,chronos_2,ukraine,0.0305,0.05,131,0.272,0.6143,0.4818
wheat_fut,1,chronos_2_lora,ALL,0.0382,0.05,2804,0.0027,0.5594,0.0095
wheat_fut,1,chronos_2_lora,covid,0.0519,0.05,135,0.9218,0.3796,0.6765
wheat_fut,1,chronos_2_lora,ukraine,0.0305,0.05,131,0.272,0.6143,0.4818
wheat_fut,1,chronos_2_full,ALL,0.0717,0.05,2804,0.0,0.0118,0.0
wheat_fut,1,chronos_2_full,covid,0.0815,0.05,135,0.1224,0.1604,0.1133
wheat_fut,1,chronos_2_full,ukraine,0.0229,0.05,131,0.1128,0.7066,0.2649
wheat_fut,1,moirai2_small,ALL,0.0335,0.05,2804,0.0,0.3186,0.0001
wheat_fut,1,moirai2_small,covid,0.0296,0.05,135,0.2414,0.6198,0.4451
wheat_fut,1,moirai2_small,ukraine,0.0458,0.05,131,0.8231,0.2511,0.5048
wheat_fut,5,garch_t,ALL,0.0382,0.05,2804,0.0027,0.0,0.0
wheat_fut,5,garch_t,covid,0.0148,0.05,135,0.0283,0.8055,0.0876
wheat_fut,5,garch_t,ukraine,0.1374,0.05,131,0.0001,0.0,0.0
wheat_fut,5,qr_ar,ALL,0.0546,0.05,2804,0.2741,0.0,0.0
wheat_fut,5,qr_ar,covid,0.0074,0.05,135,0.0048,0.9024,0.0188
wheat_fut,5,qr_ar,ukraine,0.229,0.05,131,0.0,0.0,0.0
wheat_fut,5,chronos_2,ALL,0.0456,0.05,2804,0.2836,0.0,0.0
wheat_fut,5,chronos_2,covid,0.0444,0.05,135,0.7629,0.0164,0.0536
wheat_fut,5,chronos_2,ukraine,0.084,0.05,131,0.1025,0.0004,0.0005
wheat_fut,5,chronos_2_lora,ALL,0.0496,0.05,2804,0.9171,0.0,0.0
wheat_fut,5,chronos_2_lora,covid,0.0519,0.05,135,0.9218,0.0017,0.0072
wheat_fut,5,chronos_2_lora,ukraine,0.0916,0.05,131,0.0491,0.0001,0.0
wheat_fut,5,chronos_2_full,ALL,0.072,0.05,2804,0.0,0.0,0.0
wheat_fut,5,chronos_2_full,covid,0.0741,0.05,135,0.2295,0.0001,0.0002
wheat_fut,5,chronos_2_full,ukraine,0.0916,0.05,131,0.0491,0.0001,0.0
wheat_fut,5,moirai2_small,ALL,0.0428,0.05,2804,0.073,0.0,0.0
wheat_fut,5,moirai2_small,covid,0.0296,0.05,135,0.2414,0.6198,0.4451
wheat_fut,5,moirai2_small,ukraine,0.0534,0.05,131,0.8583,0.0,0.0
wheat_fut,22,garch_t,ALL,0.0332,0.05,2804,0.0,0.0,0.0
wheat_fut,22,garch_t,covid,0.0,0.05,135,0.0002,1.0,0.001
wheat_fut,22,garch_t,ukraine,0.2214,0.05,131,0.0,0.0,0.0
wheat_fut,22,qr_ar,ALL,0.0539,0.05,2804,0.3551,0.0,0.0
wheat_fut,22,qr_ar,covid,0.0,0.05,135,0.0002,1.0,0.001
wheat_fut,22,qr_ar,ukraine,0.2901,0.05,131,0.0,0.0,0.0
wheat_fut,22,chronos_2,ALL,0.041,0.05,2804,0.0244,0.0,0.0
wheat_fut,22,chronos_2,covid,0.0296,0.05,135,0.2414,0.0018,0.0038
wheat_fut,22,chronos_2,ukraine,0.1603,0.05,131,0.0,0.0,0.0
wheat_fut,22,chronos_2_lora,ALL,0.041,0.05,2804,0.0244,0.0,0.0
wheat_fut,22,chronos_2_lora,covid,0.0296,0.05,135,0.2414,0.0018,0.0038
wheat_fut,22,chronos_2_lora,ukraine,0.1679,0.05,131,0.0,0.0,0.0
wheat_fut,22,chronos_2_full,ALL,0.0621,0.05,2804,0.0047,0.0,0.0
wheat_fut,22,chronos_2_full,covid,0.037,0.05,135,0.4697,0.0063,0.0184
wheat_fut,22,chronos_2_full,ukraine,0.1832,0.05,131,0.0,0.0,0.0
wheat_fut,22,moirai2_small,ALL,0.0432,0.05,2804,0.0888,0.0,0.0
wheat_fut,22,moirai2_small,covid,0.0,0.05,135,0.0002,1.0,0.001
wheat_fut,22,moirai2_small,ukraine,0.1221,0.05,131,0.0012,0.0,0.0
soybean_fut,1,garch_t,ALL,0.046,0.05,2804,0.3255,0.3971,0.4309
soybean_fut,1,garch_t,covid,0.0444,0.05,135,0.7629,0.4532,0.7212
soybean_fut,1,garch_t,ukraine,0.0916,0.05,131,0.0491,0.909,0.1433
soybean_fut,1,qr_ar,ALL,0.0464,0.05,2804,0.3712,0.1182,0.1978
soybean_fut,1,qr_ar,covid,0.0222,0.05,135,0.0977,0.7109,0.2369
soybean_fut,1,qr_ar,ukraine,0.1756,0.05,131,0.0,0.9667,0.0
soybean_fut,1,chronos_2,ALL,0.0374,0.05,2804,0.0014,0.6109,0.0055
soybean_fut,1,chronos_2,covid,0.0667,0.05,135,0.3968,0.2547,0.3651
soybean_fut,1,chronos_2,ukraine,0.0382,0.05,131,0.5175,0.527,0.664
soybean_fut,1,chronos_2_lora,ALL,0.0435,0.05,2804,0.1071,0.7587,0.2605
soybean_fut,1,chronos_2_lora,covid,0.0667,0.05,135,0.3968,0.2547,0.3651
soybean_fut,1,chronos_2_lora,ukraine,0.0382,0.05,131,0.5175,0.527,0.664
soybean_fut,1,chronos_2_full,ALL,0.0974,0.05,2804,0.0,0.0,0.0
soybean_fut,1,chronos_2_full,covid,0.0667,0.05,135,0.3968,0.2547,0.3651
soybean_fut,1,chronos_2_full,ukraine,0.0458,0.05,131,0.8231,0.446,0.7295
soybean_fut,1,moirai2_small,ALL,0.0407,0.05,2804,0.0191,0.1367,0.0212
soybean_fut,1,moirai2_small,covid,0.037,0.05,135,0.4697,0.5335,0.6343
soybean_fut,1,moirai2_small,ukraine,0.1298,0.05,131,0.0004,0.2027,0.0009
soybean_fut,5,garch_t,ALL,0.0499,0.05,2804,0.9862,0.0,0.0
soybean_fut,5,garch_t,covid,0.0741,0.05,135,0.2295,0.0,0.0
soybean_fut,5,garch_t,ukraine,0.0916,0.05,131,0.0491,0.0,0.0
soybean_fut,5,qr_ar,ALL,0.0399,0.05,2804,0.0115,0.0,0.0
soybean_fut,5,qr_ar,covid,0.0222,0.05,135,0.0977,0.0003,0.0004
soybean_fut,5,qr_ar,ukraine,0.1298,0.05,131,0.0004,0.0,0.0
soybean_fut,5,chronos_2,ALL,0.0528,0.05,2804,0.5028,0.0,0.0
soybean_fut,5,chronos_2,covid,0.0667,0.05,135,0.3968,0.0,0.0001
soybean_fut,5,chronos_2,ukraine,0.0916,0.05,131,0.0491,0.0,0.0
soybean_fut,5,chronos_2_lora,ALL,0.0585,0.05,2804,0.0444,0.0,0.0
soybean_fut,5,chronos_2_lora,covid,0.0667,0.05,135,0.3968,0.0,0.0001
soybean_fut,5,chronos_2_lora,ukraine,0.0992,0.05,131,0.0218,0.0,0.0
soybean_fut,5,chronos_2_full,ALL,0.0949,0.05,2804,0.0,0.0,0.0
soybean_fut,5,chronos_2_full,covid,0.0815,0.05,135,0.1224,0.0,0.0
soybean_fut,5,chronos_2_full,ukraine,0.0992,0.05,131,0.0218,0.0,0.0
soybean_fut,5,moirai2_small,ALL,0.0453,0.05,2804,0.2454,0.0,0.0
soybean_fut,5,moirai2_small,covid,0.0444,0.05,135,0.7629,0.0,0.0
soybean_fut,5,moirai2_small,ukraine,0.1221,0.05,131,0.0012,0.0,0.0
soybean_fut,22,garch_t,ALL,0.0521,0.05,2804,0.6175,0.0,0.0
soybean_fut,22,garch_t,covid,0.0222,0.05,135,0.0977,0.0003,0.0004
soybean_fut,22,garch_t,ukraine,0.0534,0.05,131,0.8583,0.0,0.0
soybean_fut,22,qr_ar,ALL,0.0432,0.05,2804,0.0888,0.0,0.0
soybean_fut,22,qr_ar,covid,0.0,0.05,135,0.0002,1.0,0.001
soybean_fut,22,qr_ar,ukraine,0.084,0.05,131,0.1025,0.0,0.0
soybean_fut,22,chronos_2,ALL,0.0417,0.05,2804,0.0387,0.0,0.0
soybean_fut,22,chronos_2,covid,0.0296,0.05,135,0.2414,0.0,0.0
soybean_fut,22,chronos_2,ukraine,0.0458,0.05,131,0.8231,0.0,0.0
soybean_fut,22,chronos_2_lora,ALL,0.0439,0.05,2804,0.1283,0.0,0.0
soybean_fut,22,chronos_2_lora,covid,0.0296,0.05,135,0.2414,0.0,0.0
soybean_fut,22,chronos_2_lora,ukraine,0.0458,0.05,131,0.8231,0.0,0.0
soybean_fut,22,chronos_2_full,ALL,0.0827,0.05,2804,0.0,0.0,0.0
soybean_fut,22,chronos_2_full,covid,0.0444,0.05,135,0.7629,0.0,0.0
soybean_fut,22,chronos_2_full,ukraine,0.0534,0.05,131,0.8583,0.0,0.0
soybean_fut,22,moirai2_small,ALL,0.0546,0.05,2804,0.2741,0.0,0.0
soybean_fut,22,moirai2_small,covid,0.0,0.05,135,0.0002,1.0,0.001
soybean_fut,22,moirai2_small,ukraine,0.0687,0.05,131,0.3514,0.0,0.0
